Time,Open,High,Low,Close,Volume,ATR,CC,Top,Btm,Buy,Sell,ODR,Trend,WM,Band,last_pivot
2023-08-17 08:00:00,0.222,0.222,0.1508,0.1718,1738447014.0,0.07120000000000001,-0.03143189755529696,1,0,0,0,0,-1.0,0.0,0.0,0.1718
2023-08-18 08:00:00,0.1716,0.1766,0.1358,0.1664,1533085954.0,0.05600000000000001,-0.03143189755529696,0,0,0,1,0,2.0,0.1664,1.0,0.1718
2023-08-19 08:00:00,0.1664,0.1705,0.1536,0.1596,481113332.0,0.04296666666666668,-0.04086538461538458,0,0,0,0,0,2.0,0.1596,1.0,0.1718
2023-08-20 08:00:00,0.1596,0.1616,0.1439,0.1514,422108874.0,0.03665000000000001,-0.05137844611528808,0,0,0,0,0,2.0,0.1514,1.0,0.1718
2023-08-21 08:00:00,0.1513,0.155,0.1408,0.1486,383359841.0,0.03216000000000001,-0.018494055482166427,0,0,0,0,0,2.0,0.1486,1.0,0.1718
2023-08-22 08:00:00,0.1486,0.156,0.1434,0.1541,577580539.0,0.028900000000000006,0.037012113055181484,0,0,0,0,0,1.0,0.1541,6.0,0.1718
2023-08-23 08:00:00,0.1542,0.156,0.1458,0.1525,413030530.0,0.02622857142857143,-0.010382868267358791,0,0,0,0,0,2.0,0.1525,1.0,0.1718
2023-08-24 08:00:00,0.1524,0.1525,0.1454,0.1477,186673236.0,0.0238375,-0.03147540983606556,0,0,0,0,0,2.0,0.1477,1.0,0.1718
2023-08-25 08:00:00,0.1478,0.1482,0.1362,0.139,239637910.0,0.022522222222222225,-0.05890318212593082,0,0,0,0,0,2.0,0.139,1.0,0.1718
2023-08-26 08:00:00,0.139,0.1392,0.1288,0.1325,188716976.0,0.021310000000000003,-0.046762589928057596,0,0,0,0,0,2.0,0.1325,1.0,0.1718
2023-08-27 08:00:00,0.1325,0.1355,0.1276,0.1318,250336300.0,0.020090909090909093,-0.005283018867924594,0,0,0,0,0,2.0,0.1318,1.0,0.1718
2023-08-28 08:00:00,0.1319,0.132,0.1251,0.1284,234776651.0,0.01899166666666667,-0.025796661608497806,0,1,0,0,0,2.0,0.1284,1.0,0.1284
2023-08-29 08:00:00,0.1284,0.1542,0.1181,0.1466,1297526212.0,0.02030769230769231,0.14174454828660465,0,0,1,0,0,1.0,0.1466,6.0,0.1284
2023-08-30 08:00:00,0.1466,0.1671,0.1431,0.1494,2972730808.0,0.020571428571428574,0.019099590723056004,1,0,0,0,0,1.0,0.1494,6.0,0.1494
2023-08-31 08:00:00,0.1493,0.1496,0.1305,0.1321,1213302030.0,0.020473333333333336,-0.11579651941097735,0,0,0,1,0,2.0,0.1321,1.0,0.1494
2023-09-01 08:00:00,0.132,0.1477,0.1276,0.1398,1720047341.0,0.020450000000000003,0.05828917486752472,0,0,0,0,0,1.0,0.1398,6.0,0.1494
2023-09-02 08:00:00,0.1398,0.15,0.1285,0.1311,1132548876.0,0.020511764705882354,-0.0622317596566524,0,0,0,0,0,2.0,0.1311,1.0,0.1494
2023-09-03 08:00:00,0.1312,0.1362,0.1253,0.1279,495979158.0,0.01997777777777778,-0.02440884820747502,0,0,0,0,0,2.0,0.1279,1.0,0.1494
2023-09-04 08:00:00,0.1279,0.1299,0.123,0.1262,356663043.0,0.01928947368421053,-0.013291634089132143,0,0,0,0,0,2.0,0.1262,1.0,0.1494
2023-09-05 08:00:00,0.1261,0.1261,0.1207,0.1255,296296586.0,0.018600000000000002,-0.005546751188589605,0,0,0,0,0,2.0,0.1255,1.0,0.1494
2023-09-06 08:00:00,0.1254,0.1283,0.1222,0.1262,350029761.0,0.018004761904761905,0.005577689243027928,0,0,0,0,0,1.0,0.1262,6.0,0.1494
2023-09-07 08:00:00,0.1263,0.1359,0.1247,0.1322,1041913504.0,0.017695454545454545,0.047543581616481756,1,0,0,0,0,1.0,0.1322,6.0,0.1322
2023-09-08 08:00:00,0.1323,0.1356,0.1257,0.1272,439328570.0,0.017356521739130434,-0.03782148260211804,0,0,0,1,0,2.0,0.1272,1.0,0.1322
2023-09-09 08:00:00,0.1273,0.1278,0.1225,0.1249,181575521.0,0.016854166666666667,-0.018081761006289443,0,0,0,0,0,2.0,0.1249,1.0,0.1322
2023-09-10 08:00:00,0.1248,0.1256,0.1087,0.1202,333065939.0,0.016855999999999996,-0.03763010408326661,0,0,0,0,0,2.0,0.1202,1.0,0.1322
2023-09-11 08:00:00,0.1201,0.122,0.1126,0.1157,390730587.0,0.016569230769230767,-0.037437603993344504,0,1,0,0,0,2.0,0.1157,1.0,0.1157
2023-09-12 08:00:00,0.1156,0.1196,0.1146,0.1167,254851753.0,0.01614074074074074,0.008643042350907626,0,0,1,0,0,1.0,0.1167,6.0,0.1157
2023-09-13 08:00:00,0.1167,0.1193,0.115,0.1181,221979052.0,0.01571785714285714,0.011996572407883432,0,0,0,0,0,1.0,0.1181,6.0,0.1157
2023-09-14 08:00:00,0.1181,0.1195,0.116,0.1179,185373951.0,0.015296551724137929,-0.0016934801016087464,0,0,0,0,0,1.0,0.1181,5.0,0.1157
2023-09-15 08:00:00,0.118,0.1251,0.1146,0.1239,479671234.0,0.015136666666666665,0.05089058524173029,0,0,0,0,0,1.0,0.1239,6.0,0.1157
2023-09-16 08:00:00,0.124,0.1488,0.1221,0.1397,1986643929.0,0.015509677419354837,0.1275221953188055,1,0,0,0,0,1.0,0.1397,6.0,0.1397
2023-09-17 08:00:00,0.1397,0.1407,0.1217,0.1229,813409154.0,0.015618749999999997,-0.1202576950608446,0,0,0,1,0,2.0,0.1229,1.0,0.1397
2023-09-18 08:00:00,0.1229,0.1276,0.1193,0.1236,428312891.0,0.015396969696969694,0.005695687550854478,0,0,0,0,0,1.0,0.1236,6.0,0.1397
2023-09-19 08:00:00,0.1236,0.1263,0.1209,0.1252,247174362.0,0.015102941176470583,0.012944983818770295,0,0,0,0,0,1.0,0.1252,6.0,0.1397
2023-09-20 08:00:00,0.1252,0.1307,0.1217,0.1244,423529845.0,0.014928571428571425,-0.006389776357827559,0,0,0,0,0,2.0,0.1244,1.0,0.1397
2023-09-21 08:00:00,0.1243,0.1304,0.1201,0.1237,344165858.0,0.014799999999999995,-0.005627009646302139,0,0,0,0,0,2.0,0.1237,1.0,0.1397
2023-09-22 08:00:00,0.1236,0.1252,0.1221,0.1238,141417970.0,0.01448378378378378,0.0008084074373482242,0,0,0,0,0,2.0,0.1237,2.0,0.1397
2023-09-23 08:00:00,0.1238,0.1243,0.12,0.1219,91204205.0,0.014215789473684204,-0.015347334410339197,0,0,0,0,0,2.0,0.1219,1.0,0.1397
2023-09-24 08:00:00,0.1219,0.1226,0.1163,0.1182,136715173.0,0.014012820512820507,-0.03035274815422473,0,0,0,0,0,2.0,0.1182,1.0,0.1397
2023-09-25 08:00:00,0.1182,0.1195,0.1163,0.1184,121934310.0,0.013742499999999994,0.0016920473773265332,0,0,0,0,0,2.0,0.1182,3.0,0.1397
2023-09-26 08:00:00,0.1185,0.119,0.1155,0.1174,124204177.0,0.013486437499999995,-0.008445945945945943,0,0,0,0,0,2.0,0.1174,1.0,0.1397
2023-09-27 08:00:00,0.1173,0.1187,0.115,0.1166,131692134.0,0.013241776562499995,-0.006814310051107442,0,1,0,0,0,2.0,0.1166,1.0,0.1166
2023-09-28 08:00:00,0.1166,0.1211,0.116,0.1189,184631447.0,0.013038232148437495,0.019725557461406584,0,0,1,0,0,1.0,0.1189,6.0,0.1166
2023-09-29 08:00:00,0.1189,0.1232,0.1179,0.1205,280268901.0,0.012844776344726559,0.01345668629100083,0,0,0,0,0,1.0,0.1205,6.0,0.1166
2023-09-30 08:00:00,0.1206,0.1215,0.1186,0.12,131495559.0,0.012596156936108395,-0.004149377593360981,0,0,0,0,0,2.0,0.12,1.0,0.1166
2023-10-01 08:00:00,0.12,0.127,0.1197,0.1248,250720177.0,0.012463753012705685,0.040000000000000036,1,0,0,0,0,1.0,0.1248,6.0,0.1248
2023-10-02 08:00:00,0.1247,0.1262,0.114,0.1193,345122490.0,0.012457159187388043,-0.044070512820512775,0,0,0,1,0,2.0,0.1193,1.0,0.1248
2023-10-03 08:00:00,0.1194,0.1215,0.1155,0.1158,214863283.0,0.012295730207703342,-0.029337803855825628,0,1,0,0,0,2.0,0.1158,1.0,0.1158
2023-10-04 08:00:00,0.1157,0.1164,0.1104,0.1159,180249413.0,0.012138336952510759,0.0008635578583764403,0,0,0,0,0,2.0,0.1158,2.0,0.1158
2023-10-05 08:00:00,0.1159,0.1182,0.1149,0.116,185807540.0,0.01191737852869799,0.0008628127696290733,0,0,1,0,0,2.0,0.1158,3.0,0.1158
2023-10-06 08:00:00,0.116,0.1178,0.1147,0.117,128853033.0,0.01169694406548054,0.008620689655172376,0,0,0,0,0,1.0,0.117,6.0,0.1158
2023-10-07 08:00:00,0.1171,0.1181,0.1152,0.1169,82491101.0,0.011477020463843527,-0.0008547008547008517,0,0,0,0,0,1.0,0.117,5.0,0.1158
2023-10-08 08:00:00,0.1169,0.1173,0.1141,0.1155,71793410.0,0.011270094952247438,-0.0119760479041916,0,0,0,0,0,2.0,0.1155,1.0,0.1158
2023-10-09 08:00:00,0.1156,0.1156,0.1057,0.109,229816288.0,0.011235842578441253,-0.05627705627705637,0,0,0,0,0,2.0,0.109,1.0,0.1158
2023-10-10 08:00:00,0.1089,0.1096,0.1041,0.1055,124340641.0,0.011092446513980222,-0.032110091743119296,0,0,0,0,0,2.0,0.1055,1.0,0.1158
2023-10-11 08:00:00,0.1054,0.1066,0.1002,0.1028,259172210.0,0.010975135351130717,-0.025592417061611306,0,0,0,0,0,2.0,0.1028,1.0,0.1158
2023-10-12 08:00:00,0.1029,0.1043,0.1009,0.1018,173792260.0,0.010785756967352449,-0.009727626459143934,0,1,0,0,0,2.0,0.1018,1.0,0.1018
2023-10-13 08:00:00,0.1019,0.1049,0.1016,0.1038,133968590.0,0.010598613043168637,0.01964636542239684,0,0,1,0,0,1.0,0.1038,6.0,0.1018
2023-10-14 08:00:00,0.1038,0.1048,0.1023,0.1027,90441490.0,0.01039614771708942,-0.010597302504816941,0,0,0,0,0,2.0,0.1027,1.0,0.1018
2023-10-15 08:00:00,0.1027,0.1036,0.1015,0.103,126907941.0,0.010188744024162184,0.0029211295034079487,0,0,0,0,0,2.0,0.1027,5.0,0.1018
2023-10-16 08:00:00,0.103,0.1071,0.1022,0.1036,270119813.0,0.01005652542355813,0.005825242718446644,0,0,0,0,0,1.0,0.1036,6.0,0.1018
2023-10-17 08:00:00,0.1035,0.1039,0.096,0.0994,235863638.0,0.010002612287969177,-0.04054054054054046,0,0,0,0,0,2.0,0.0994,1.0,0.1018
2023-10-18 08:00:00,0.0994,0.1114,0.0977,0.1019,862628031.0,0.010095046980769948,0.02515090543259557,0,0,0,0,0,1.0,0.1019,6.0,0.1018
2023-10-19 08:00:00,0.1019,0.1019,0.0945,0.0967,436673968.0,0.010027670806250699,-0.05103042198233576,0,1,0,0,0,2.0,0.0967,1.0,0.0967
2023-10-20 08:00:00,0.0968,0.101,0.0959,0.0997,275602097.0,0.009904479036094432,0.031023784901758056,0,0,1,0,0,1.0,0.0997,6.0,0.0967
2023-10-21 08:00:00,0.0997,0.1043,0.0983,0.1029,167133269.0,0.009806867060192072,0.032096288866599876,0,0,0,0,0,1.0,0.1029,6.0,0.0967
2023-10-22 08:00:00,0.1029,0.1074,0.1014,0.1055,298157776.0,0.00971169538368727,0.02526724975704564,0,0,0,0,0,1.0,0.1055,6.0,0.0967
2023-10-23 08:00:00,0.1055,0.1102,0.1029,0.109,366412535.0,0.00965140299909509,0.033175355450236976,0,0,0,0,0,1.0,0.109,6.0,0.0967
2023-10-24 08:00:00,0.109,0.1147,0.1057,0.11,603500092.0,0.009635117924117712,0.00917431192660545,0,0,0,0,0,1.0,0.11,6.0,0.0967
2023-10-25 08:00:00,0.11,0.1178,0.1073,0.1128,701860659.0,0.009656739976014768,0.025454545454545396,1,0,0,0,0,1.0,0.1128,6.0,0.1128
2023-10-26 08:00:00,0.1128,0.1155,0.1027,0.1089,474899220.0,0.009735321476614399,-0.034574468085106336,0,0,0,1,0,2.0,0.1089,1.0,0.1128
2023-10-27 08:00:00,0.1089,0.1091,0.1039,0.1063,242151995.0,0.00962193843969904,-0.023875114784205564,0,1,0,0,0,2.0,0.1063,1.0,0.1063
2023-10-28 08:00:00,0.1063,0.1128,0.1061,0.1101,236060936.0,0.009548889978706563,0.03574788334901213,0,0,1,0,0,1.0,0.1101,6.0,0.1063
2023-10-29 08:00:00,0.1101,0.1126,0.1078,0.1118,182490651.0,0.0094301677292389,0.015440508628519423,0,0,0,0,0,1.0,0.1118,6.0,0.1063
2023-10-30 08:00:00,0.1118,0.1145,0.1093,0.1135,251784604.0,0.009324413536007927,0.015205724508050134,0,0,0,0,0,1.0,0.1135,6.0,0.1063
2023-10-31 08:00:00,0.1135,0.1174,0.1062,0.1123,521017704.0,0.00937130319760773,-0.010572687224669641,0,0,0,0,0,2.0,0.1123,1.0,0.1063
2023-11-01 08:00:00,0.1123,0.1162,0.1059,0.1161,398316051.0,0.009394520617667537,0.03383793410507563,0,0,0,0,0,1.0,0.1161,6.0,0.1063
2023-11-02 08:00:00,0.116,0.1185,0.1081,0.1106,370838633.0,0.009419657602225849,-0.04737295434969846,0,1,0,0,0,2.0,0.1106,1.0,0.1106
2023-11-03 08:00:00,0.1106,0.1116,0.1066,0.1112,184688227.0,0.009309166162170203,0.005424954792043302,0,0,1,0,0,1.0,0.1112,6.0,0.1106
2023-11-04 08:00:00,0.1112,0.1164,0.1098,0.1149,190640786.0,0.009241437008115949,0.033273381294964155,0,0,0,0,0,1.0,0.1149,6.0,0.1106
2023-11-05 08:00:00,0.1149,0.1234,0.1133,0.1174,454133191.0,0.00926290108291305,0.021758050478677182,0,0,0,0,0,1.0,0.1174,6.0,0.1106
2023-11-06 08:00:00,0.1175,0.1262,0.1164,0.1259,311368919.0,0.009276328555840223,0.07240204429301533,0,0,0,0,0,1.0,0.1259,6.0,0.1106
2023-11-07 08:00:00,0.1259,0.126,0.1163,0.1219,242164168.0,0.009286920341944218,-0.03177124702144574,0,0,0,0,0,2.0,0.1219,1.0,0.1106
2023-11-08 08:00:00,0.1219,0.13,0.1189,0.1273,247521899.0,0.009332247333395613,0.044298605414273995,0,0,0,0,0,1.0,0.1273,6.0,0.1106
2023-11-09 08:00:00,0.1273,0.1316,0.1029,0.1234,422439214.0,0.009816441150060723,-0.030636292223095052,0,0,0,0,0,2.0,0.1234,1.0,0.1106
2023-11-10 08:00:00,0.1236,0.1333,0.1182,0.1289,303021182.0,0.009948530121309205,0.044570502431118264,0,0,0,0,0,1.0,0.1289,6.0,0.1106
2023-11-11 08:00:00,0.129,0.1371,0.1245,0.1328,408636756.0,0.010014816868276474,0.030256012412723132,0,0,0,0,0,1.0,0.1328,6.0,0.1106
2023-11-12 08:00:00,0.1327,0.1352,0.1259,0.1329,286645181.0,0.009996946446569562,0.0007530120481926694,0,0,0,0,0,1.0,0.1329,6.0,0.1106
2023-11-13 08:00:00,0.1329,0.1584,0.1304,0.1467,1429439709.0,0.010447022785405324,0.10383747178329572,0,0,0,0,0,1.0,0.1467,6.0,0.1106
2023-11-14 08:00:00,0.1468,0.17,0.1408,0.1517,1725163676.0,0.010915847215770191,0.03408316291751867,0,0,0,0,0,1.0,0.1517,6.0,0.1106
2023-11-15 08:00:00,0.1518,0.1697,0.1426,0.1617,1258348849.0,0.011320451035375935,0.06591957811470017,1,0,0,0,0,1.0,0.1617,6.0,0.1617
2023-11-16 08:00:00,0.1617,0.1754,0.1481,0.1507,1093869914.0,0.011719939759491536,-0.06802721088435382,0,0,0,1,0,2.0,0.1507,1.0,0.1617
2023-11-17 08:00:00,0.1508,0.1573,0.1371,0.1451,554261717.0,0.011931941265504247,-0.03715992037159921,0,0,0,0,0,2.0,0.1451,1.0,0.1617
2023-11-18 08:00:00,0.1451,0.1502,0.1321,0.1419,400417927.0,0.01208614273386664,-0.022053756030324,0,1,0,0,0,2.0,0.1419,1.0,0.1419
2023-11-19 08:00:00,0.142,0.1492,0.14,0.1483,298206111.0,0.012013989165519974,0.04510218463706828,0,0,1,0,0,1.0,0.1483,6.0,0.1419
2023-11-20 08:00:00,0.1483,0.1686,0.1474,0.1637,846975455.0,0.012243639436381975,0.10384356035064068,0,0,0,0,0,1.0,0.1637,6.0,0.1419
2023-11-21 08:00:00,0.1637,0.185,0.1459,0.146,1690573981.0,0.012915048450472425,-0.10812461820403185,0,0,0,0,1,2.0,0.146,1.0,0.1419
2023-11-22 08:00:00,0.146,0.184,0.1458,0.1772,1103362832.0,0.013547172239210615,0.2136986301369863,0,0,0,0,0,1.0,0.1772,6.0,0.1419
2023-11-23 08:00:00,0.1772,0.2098,0.1763,0.2,2793445624.0,0.014045992933230349,0.12866817155756216,0,0,0,0,0,1.0,0.2,6.0,0.1419
2023-11-24 08:00:00,0.1999,0.258,0.1911,0.2443,2757697566.0,0.015367343109899591,0.2214999999999998,0,0,0,0,0,1.0,0.2443,6.0,0.1419
2023-11-25 08:00:00,0.2442,0.259,0.2191,0.226,1637944849.0,0.0159806595321521,-0.0749079001227998,0,0,0,0,0,2.0,0.226,1.0,0.1419
2023-11-26 08:00:00,0.226,0.2393,0.2142,0.2287,1044952237.0,0.016208643043848298,0.011946902654867086,0,0,0,0,0,1.0,0.2287,6.0,0.1419
2023-11-27 08:00:00,0.2286,0.2312,0.2047,0.2307,933348623.0,0.01646592696775209,0.008745080891998214,0,0,0,0,0,1.0,0.2307,6.0,0.1419
2023-11-28 08:00:00,0.2307,0.2904,0.2145,0.2823,2433289200.0,0.017951778793558287,0.223667100130039,1,0,0,0,0,1.0,0.2823,6.0,0.2823
2023-11-29 08:00:00,0.2822,0.2993,0.2493,0.2533,2793791970.0,0.01875298432371933,-0.10272759475735027,0,0,0,1,0,2.0,0.2533,1.0,0.2823
2023-11-30 08:00:00,0.2534,0.2555,0.2253,0.2392,1497078905.0,0.019039159715626346,-0.05566521910777744,0,0,0,0,0,2.0,0.2392,1.0,0.2823
2023-12-01 08:00:00,0.2393,0.264,0.2333,0.2491,1241172122.0,0.019330680722735687,0.04138795986622079,0,0,0,0,0,1.0,0.2491,6.0,0.2823
2023-12-02 08:00:00,0.2492,0.2818,0.2442,0.2706,915970907.0,0.019787413704667293,0.08631071858691297,0,0,0,0,0,1.0,0.2706,6.0,0.2823
2023-12-03 08:00:00,0.2707,0.2898,0.2593,0.2662,806483938.0,0.020055228362050613,-0.016260162601626105,0,0,0,0,0,2.0,0.2662,1.0,0.2823
2023-12-04 08:00:00,0.2662,0.3065,0.2543,0.2746,1139469717.0,0.020858847652999345,0.03155522163786628,0,0,0,0,0,1.0,0.2746,6.0,0.2823
2023-12-05 08:00:00,0.2747,0.3176,0.2705,0.3096,1158029425.0,0.02151487646167436,0.1274581209031318,1,0,0,0,0,1.0,0.3096,6.0,0.3096
2023-12-06 08:00:00,0.3096,0.3166,0.2718,0.2752,712943560.0,0.022097004550132502,-0.11111111111111105,0,0,0,1,0,2.0,0.2752,1.0,0.3096
2023-12-07 08:00:00,0.2751,0.2844,0.2584,0.2815,608929285.0,0.02219457943637919,0.022892441860465018,0,0,0,0,0,1.0,0.2815,6.0,0.3096
2023-12-08 08:00:00,0.2815,0.2868,0.2712,0.282,313466035.0,0.02202971495046971,0.001776198934280604,0,0,0,0,0,1.0,0.282,6.0,0.3096
2023-12-09 08:00:00,0.2821,0.2852,0.267,0.269,343501640.0,0.021933972076707966,-0.046099290780141744,0,0,0,0,0,2.0,0.269,1.0,0.3096
2023-12-10 08:00:00,0.269,0.2749,0.2543,0.2642,341068852.0,0.021900622774790265,-0.017843866171003864,0,0,0,0,0,2.0,0.2642,1.0,0.3096
2023-12-11 08:00:00,0.2642,0.266,0.2123,0.2396,561768527.0,0.02269560720542051,-0.09311127933383789,0,0,0,0,0,2.0,0.2396,1.0,0.3096
2023-12-12 08:00:00,0.2397,0.2545,0.2332,0.2417,534721004.0,0.022660717025284997,0.00876460767946563,0,0,0,0,0,1.0,0.2417,6.0,0.3096
2023-12-13 08:00:00,0.2416,0.2571,0.2197,0.2526,534084703.0,0.023029199099652873,0.045097227968555975,0,0,0,0,0,1.0,0.2526,6.0,0.3096
2023-12-14 08:00:00,0.2526,0.2632,0.2396,0.2579,520514631.0,0.023043469122161552,0.020981789390340566,0,0,0,0,0,1.0,0.2579,6.0,0.3096
2023-12-15 08:00:00,0.2579,0.2587,0.2301,0.2327,294046156.0,0.023182382394107512,-0.09771229158588612,0,1,0,0,0,2.0,0.2327,1.0,0.2327
2023-12-16 08:00:00,0.2327,0.2557,0.2262,0.2376,348006246.0,0.02334032283425482,0.021057155135367545,0,0,1,0,0,1.0,0.2376,6.0,0.2327
2023-12-17 08:00:00,0.2375,0.247,0.2306,0.2331,279301947.0,0.02316681476339845,-0.018939393939393923,0,0,0,0,0,2.0,0.2331,1.0,0.2327
2023-12-18 08:00:00,0.2331,0.2985,0.2212,0.2954,1303989478.0,0.02452014439431349,0.26726726726726735,0,0,0,0,0,1.0,0.2954,6.0,0.2327
2023-12-19 08:00:00,0.2954,0.3775,0.2881,0.3587,2991163834.0,0.02614214078445565,0.2142857142857144,0,0,0,0,0,1.0,0.3587,6.0,0.2327
2023-12-20 08:00:00,0.3587,0.4093,0.3382,0.3856,2503138024.0,0.02726608726484426,0.07499303038751037,1,0,0,0,0,1.0,0.3856,6.0,0.3856
2023-12-21 08:00:00,0.3856,0.417,0.3736,0.3768,1227046965.0,0.027669435083223153,-0.022821576763485396,0,0,0,1,0,2.0,0.3768,1.0,0.3856
2023-12-22 08:00:00,0.3768,0.3908,0.3322,0.3555,941566602.0,0.028442699206142574,-0.056528662420382236,0,0,0,0,0,2.0,0.3555,1.0,0.3856
2023-12-23 08:00:00,0.3556,0.3742,0.3469,0.374,717158651.0,0.02841413172598901,0.05203938115330531,0,0,0,0,0,1.0,0.374,6.0,0.3856
2023-12-24 08:00:00,0.3739,0.3771,0.3397,0.3636,728261307.0,0.028638778432839285,-0.027807486631016065,0,0,0,0,0,2.0,0.3636,1.0,0.3856
2023-12-25 08:00:00,0.3637,0.419,0.3512,0.3934,1073397128.0,0.0296178089720183,0.08195819581958208,0,0,0,0,0,1.0,0.3934,6.0,0.3856
2023-12-26 08:00:00,0.3935,0.5391,0.3935,0.5036,2060991627.0,0.03251986374771784,0.2801220132180986,0,0,0,0,0,1.0,0.5036,6.0,0.3856
2023-12-27 08:00:00,0.5035,0.532,0.4334,0.4397,1098608161.0,0.0341718671540249,-0.12688641779189846,0,0,0,0,0,2.0,0.4397,1.0,0.3856
2023-12-28 08:00:00,0.4398,0.499,0.4384,0.4559,942891006.0,0.034832570475174275,0.036843302251535315,0,0,0,0,0,1.0,0.4559,6.0,0.3856
2023-12-29 08:00:00,0.456,0.5971,0.4342,0.5515,1766273817.0,0.03803425621329492,0.20969510857644202,0,0,0,0,0,1.0,0.5515,6.0,0.3856
2023-12-30 08:00:00,0.5515,0.63,0.53,0.5917,1191341556.0,0.03958339980796254,0.07289211242067095,0,0,0,0,0,1.0,0.5917,6.0,0.3856
2023-12-31 08:00:00,0.5917,0.6368,0.5498,0.5607,883631353.0,0.04076881481276348,-0.052391414568193406,0,0,0,0,0,2.0,0.5607,1.0,0.3856
2024-01-01 08:00:00,0.5606,0.7543,0.5588,0.7101,1162649434.0,0.044637094442444396,0.2664526484751204,0,0,0,0,0,1.0,0.7101,6.0,0.3856
2024-01-02 08:00:00,0.7101,0.8026,0.6877,0.7127,1407770217.0,0.04639366708138329,0.0036614561329391115,0,0,0,0,0,1.0,0.7127,6.0,0.3856
2024-01-03 08:00:00,0.7126,0.8841,0.5472,0.7837,2063368536.0,0.053656325404348705,0.0996211589729199,1,0,0,0,0,1.0,0.7837,6.0,0.7837
2024-01-04 08:00:00,0.7836,0.8709,0.7477,0.7718,988554113.0,0.055394917269239986,-0.015184381778741707,0,0,0,1,0,2.0,0.7718,1.0,0.7837
2024-01-05 08:00:00,0.7718,0.7863,0.6887,0.7177,779501877.0,0.056450044337508984,-0.07009587976159626,0,0,0,0,0,2.0,0.7177,1.0,0.7837
2024-01-06 08:00:00,0.7177,0.719,0.6302,0.6505,702072489.0,0.05725879322907126,-0.09363243695137247,0,1,0,0,0,2.0,0.6505,1.0,0.6505
2024-01-07 08:00:00,0.6506,0.7257,0.6361,0.6772,791231653.0,0.05806732339834448,0.04104534973097618,0,0,1,0,0,1.0,0.6772,6.0,0.6505
2024-01-08 08:00:00,0.6772,0.7596,0.585,0.7456,1028361849.0,0.06098064031338587,0.1010041346721795,0,0,0,0,0,1.0,0.7456,6.0,0.6505
2024-01-09 08:00:00,0.7456,0.7626,0.6624,0.675,894263019.0,0.06196112430555122,-0.09468884120171672,0,0,0,0,0,2.0,0.675,1.0,0.6505
2024-01-10 08:00:00,0.6749,0.7988,0.6268,0.7411,761605518.0,0.06471209619791243,0.09792592592592575,0,0,0,0,0,1.0,0.7411,6.0,0.6505
2024-01-11 08:00:00,0.7411,0.8158,0.71,0.7432,749538521.0,0.06573929379296463,0.002833625691539554,0,0,0,0,0,1.0,0.7432,6.0,0.6505
2024-01-12 08:00:00,0.7433,0.7506,0.6382,0.6784,544628879.0,0.06690581144814052,-0.08719052744886968,0,0,0,0,0,2.0,0.6784,1.0,0.6505
2024-01-13 08:00:00,0.6784,0.7304,0.6469,0.7236,405247647.0,0.067320666161937,0.06662735849056611,0,0,0,0,0,1.0,0.7236,6.0,0.6505
2024-01-14 08:00:00,0.7235,0.7574,0.6896,0.6928,373263697.0,0.06733264950788859,-0.042564953012714235,0,0,0,0,0,2.0,0.6928,1.0,0.6505
2024-01-15 08:00:00,0.6928,0.8107,0.6922,0.8027,542005541.0,0.06861183327019137,0.15863163972286376,0,0,0,0,0,1.0,0.8027,6.0,0.6505
2024-01-16 08:00:00,0.8027,0.8658,0.761,0.7726,847616699.0,0.06951653743843658,-0.03749844275569958,0,0,0,0,0,2.0,0.7726,1.0,0.6505
2024-01-17 08:00:00,0.7726,0.8748,0.7698,0.8315,662171496.0,0.07040362400247567,0.07623608594356734,1,0,0,0,0,1.0,0.8315,6.0,0.8315
2024-01-18 08:00:00,0.8314,0.8392,0.7149,0.7368,566761638.0,0.07175103340241377,-0.11389055923030666,0,0,0,1,0,2.0,0.7368,1.0,0.8315
2024-01-19 08:00:00,0.7369,0.7378,0.6531,0.7061,534732165.0,0.07207475756735343,-0.04166666666666674,0,0,0,0,0,2.0,0.7061,1.0,0.8315
2024-01-20 08:00:00,0.706,0.7061,0.6568,0.6765,288499816.0,0.07150538862816959,-0.041920407874238674,0,0,0,0,0,2.0,0.6765,1.0,0.8315
2024-01-21 08:00:00,0.6766,0.6955,0.6456,0.6501,237591125.0,0.07096525391246535,-0.03902439024390236,0,0,0,0,0,2.0,0.6501,1.0,0.8315
2024-01-22 08:00:00,0.6501,0.6532,0.5778,0.597,671535861.0,0.07107612256465372,-0.08167974157821878,0,1,0,0,0,2.0,0.597,1.0,0.597
2024-01-23 08:00:00,0.597,0.6461,0.5622,0.6444,735250036.0,0.07139671950053737,0.07939698492462322,0,0,1,0,0,1.0,0.6444,6.0,0.597
2024-01-24 08:00:00,0.6443,0.6687,0.6257,0.6503,481849431.0,0.07068680151302394,0.00915580384854131,0,0,0,0,0,1.0,0.6503,6.0,0.597
2024-01-25 08:00:00,0.6503,0.6506,0.592,0.6033,404116975.0,0.07038463147519834,-0.07227433492234359,0,0,0,0,0,2.0,0.6033,1.0,0.597
2024-01-26 08:00:00,0.6033,0.6818,0.5948,0.6703,364220078.0,0.07080001568831838,0.11105585943974816,0,0,0,0,0,1.0,0.6703,6.0,0.597
2024-01-27 08:00:00,0.6703,0.6749,0.6323,0.6422,235418930.0,0.07009501529611042,-0.041921527674175785,0,0,0,0,0,2.0,0.6422,1.0,0.597
2024-01-28 08:00:00,0.6422,0.6896,0.6368,0.6559,315442710.0,0.06966263991370766,0.0213329180940518,0,0,0,0,0,1.0,0.6559,6.0,0.597
2024-01-29 08:00:00,0.6559,0.6987,0.6392,0.6856,385498451.0,0.06940857391586497,0.04528129288001215,0,0,0,0,0,1.0,0.6856,6.0,0.597
2024-01-30 08:00:00,0.6856,0.7546,0.6799,0.6962,707941792.0,0.06954085956796835,0.015460910151692042,1,0,0,0,0,1.0,0.6962,6.0,0.6962
2024-01-31 08:00:00,0.6963,0.7257,0.6432,0.6497,607456649.0,0.06986483807876914,-0.06679115196782537,0,0,0,1,0,2.0,0.6497,1.0,0.6962
2024-02-01 08:00:00,0.6497,0.6596,0.6162,0.6422,379004740.0,0.06920321712679992,-0.01154378944128065,0,0,0,0,0,2.0,0.6422,1.0,0.6962
2024-02-02 08:00:00,0.6422,0.652,0.6256,0.6338,255883828.0,0.06813313669862991,-0.013080037371535291,0,0,0,0,0,2.0,0.6338,1.0,0.6962
2024-02-03 08:00:00,0.6339,0.6427,0.6029,0.6109,187641718.0,0.06742480828116416,-0.03613127169454089,0,0,0,0,0,2.0,0.6109,1.0,0.6962
2024-02-04 08:00:00,0.6109,0.621,0.5922,0.5948,209562785.0,0.06645918807413506,-0.02635455884760185,0,1,0,0,0,2.0,0.5948,1.0,0.5948
2024-02-05 08:00:00,0.5948,0.6481,0.5813,0.6106,330506355.0,0.06646770837228168,0.02656355077336925,0,0,1,0,0,1.0,0.6106,6.0,0.5948
2024-02-06 08:00:00,0.6105,0.6168,0.5918,0.5998,214247033.0,0.06543101566297464,-0.017687520471667217,0,0,0,0,0,2.0,0.5998,1.0,0.5948
2024-02-07 08:00:00,0.5998,0.6393,0.5788,0.6243,264197618.0,0.06530774027140028,0.04084694898299435,0,0,0,0,0,1.0,0.6243,6.0,0.5948
2024-02-08 08:00:00,0.6244,0.6587,0.6234,0.6374,271271788.0,0.06455754676461527,0.020983501521704362,0,0,0,0,0,1.0,0.6374,6.0,0.5948
2024-02-09 08:00:00,0.6374,0.722,0.6373,0.7021,359256695.0,0.06506110809549989,0.10150611860684022,0,0,0,0,0,1.0,0.7021,6.0,0.5948
2024-02-10 08:00:00,0.7021,0.7157,0.6717,0.6869,226236265.0,0.0645345803931124,-0.02164933770118216,0,0,0,0,0,2.0,0.6869,1.0,0.5948
2024-02-11 08:00:00,0.6868,0.7078,0.664,0.6782,239370273.0,0.06401621588328459,-0.012665599068277689,0,0,0,0,0,2.0,0.6782,1.0,0.5948
2024-02-12 08:00:00,0.6782,0.7672,0.6587,0.7569,416283047.0,0.06512831048620248,0.1160424653494545,0,0,0,0,0,1.0,0.7569,6.0,0.5948
2024-02-13 08:00:00,0.757,0.7781,0.717,0.7557,399725452.0,0.06502760272404741,-0.0015854141894570128,0,0,0,0,0,1.0,0.7569,4.0,0.5948
2024-02-14 08:00:00,0.7555,0.8932,0.736,0.8815,660315226.0,0.06733191265594622,0.16646817520179957,0,0,0,0,0,1.0,0.8815,6.0,0.5948
2024-02-15 08:00:00,0.8815,0.9947,0.8604,0.9308,855757850.0,0.06900611483954756,0.05592739648326717,0,0,0,0,0,1.0,0.9308,6.0,0.5948
2024-02-16 08:00:00,0.9307,1.0317,0.9044,0.9342,601086149.0,0.07046346196855888,0.003652771809196542,0,0,0,0,0,1.0,0.9342,6.0,0.5948
2024-02-17 08:00:00,0.9343,0.9693,0.8936,0.9075,361310756.0,0.0705943754193449,-0.028580603725112508,0,0,0,0,0,2.0,0.9075,1.0,0.5948
2024-02-18 08:00:00,0.9076,1.0386,0.8867,0.9623,455518331.0,0.07262701603386128,0.06038567493112956,1,0,0,0,0,1.0,0.9623,6.0,0.9623
2024-02-19 08:00:00,0.9623,0.9812,0.9211,0.9281,298024903.0,0.07231384063301474,-0.03553985243686997,0,0,0,1,0,2.0,0.9281,1.0,0.9623
2024-02-20 08:00:00,0.9282,0.951,0.8645,0.9344,430001337.0,0.07266849461718937,0.006788061631289644,0,0,0,0,0,1.0,0.9344,6.0,0.9623
2024-02-21 08:00:00,0.9344,0.9384,0.8283,0.8772,313909001.0,0.07360428225175963,-0.06121575342465757,0,0,0,0,0,2.0,0.8772,1.0,0.9623
2024-02-22 08:00:00,0.8773,0.8892,0.821,0.8372,283291747.0,0.07346917519546564,-0.04559963520291832,0,0,0,0,0,2.0,0.8372,1.0,0.9623
2024-02-23 08:00:00,0.8372,0.8617,0.7758,0.7875,276133600.0,0.073779945815579,-0.059364548494983405,0,1,0,0,0,2.0,0.7875,1.0,0.7875
2024-02-24 08:00:00,0.7874,0.875,0.7703,0.8617,253588447.0,0.07455294717018954,0.09422222222222221,0,0,1,0,0,1.0,0.8617,6.0,0.7875
2024-02-25 08:00:00,0.8616,0.866,0.8172,0.8255,164564967.0,0.0739091234909348,-0.042009980271556224,0,0,0,0,0,2.0,0.8255,1.0,0.7875
2024-02-26 08:00:00,0.8255,0.91,0.788,0.8921,320886879.0,0.07511139540366144,0.0806783767413688,1,0,0,0,0,1.0,0.8921,6.0,0.8921
2024-02-27 08:00:00,0.8921,0.9422,0.8635,0.8907,354617851.0,0.0752011105185699,-0.0015693307925119804,0,0,0,1,0,1.0,0.8921,4.0,0.8921
2024-02-28 08:00:00,0.8907,0.9402,0.8034,0.8668,501004133.0,0.07674108275560565,-0.026832828112720364,0,0,0,0,0,2.0,0.8668,1.0,0.8921
2024-02-29 08:00:00,0.8669,0.9194,0.8142,0.8348,436445308.0,0.07745255568671551,-0.036917397323488754,0,0,0,0,0,2.0,0.8348,1.0,0.8921
2024-03-01 08:00:00,0.8348,0.8755,0.8346,0.8604,208907617.0,0.07653874179454762,0.030666027791087735,0,0,0,0,0,1.0,0.8604,6.0,0.8921
2024-03-02 08:00:00,0.8604,0.8668,0.8278,0.8492,180320430.0,0.07560027324968392,-0.013017201301720238,0,0,0,0,0,2.0,0.8492,1.0,0.8921
2024-03-03 08:00:00,0.8492,0.8726,0.7661,0.8206,246892031.0,0.07637276641844183,-0.033678756476683946,0,0,0,0,1,2.0,0.8206,1.0,0.8921
2024-03-04 08:00:00,0.8207,0.8642,0.7701,0.7914,438869720.0,0.07681594725798079,-0.035583719229831834,0,0,0,0,0,2.0,0.7914,1.0,0.8921
2024-03-05 08:00:00,0.7914,0.8142,0.5959,0.7215,631519829.0,0.08035304857653126,-0.08832448824867323,0,1,0,0,0,2.0,0.7215,1.0,0.7215
2024-03-06 08:00:00,0.7216,0.8089,0.689,0.7851,349225085.0,0.08134172236211798,0.08814968814968815,0,0,1,0,0,1.0,0.7851,6.0,0.7215
2024-03-07 08:00:00,0.7851,0.9587,0.7744,0.9304,583133217.0,0.08391567930306502,0.18507196535473192,1,0,0,0,0,1.0,0.9304,6.0,0.9304
2024-03-08 08:00:00,0.9305,0.9512,0.843,0.9266,554517291.0,0.0845227873204884,-0.004084264832330153,0,0,0,1,0,2.0,0.9266,1.0,0.9304
2024-03-09 08:00:00,0.9265,0.9782,0.8883,0.9019,301359800.0,0.08465721763747619,-0.026656593999568212,0,0,0,0,0,2.0,0.9019,1.0,0.9304
2024-03-10 08:00:00,0.902,0.9217,0.8448,0.8679,260355404.0,0.08446328719653928,-0.03769819270429098,0,0,0,0,0,2.0,0.8679,1.0,0.9304
2024-03-11 08:00:00,0.8679,0.93,0.803,0.898,313835051.0,0.0855267050166258,0.03468141490955179,0,0,0,0,0,1.0,0.898,6.0,0.9304
2024-03-12 08:00:00,0.8981,0.9476,0.832,0.9024,437725085.0,0.08627853739121016,0.004899777282850737,0,0,0,0,0,1.0,0.9024,6.0,0.9304
2024-03-13 08:00:00,0.9024,0.9621,0.8772,0.9013,293662458.0,0.08624407395642991,-0.0012189716312056564,0,0,0,0,0,1.0,0.9024,5.0,0.9304
2024-03-14 08:00:00,0.9014,0.9059,0.7977,0.8659,323963907.0,0.08679297210751917,-0.03927660046599357,0,0,0,0,0,2.0,0.8659,1.0,0.9304
2024-03-15 08:00:00,0.866,1.0758,0.791,1.0547,1155035782.0,0.0917431478048312,0.2180390345305463,1,0,0,0,0,1.0,1.0547,6.0,1.0547
2024-03-16 08:00:00,1.0547,1.147,0.8628,0.9053,928918149.0,0.09655456910971041,-0.1416516544989096,0,0,0,1,0,2.0,0.9053,1.0,1.0547
2024-03-17 08:00:00,0.9053,0.9169,0.8271,0.9048,455250491.0,0.09638570488196765,-0.0005523031039433857,0,0,0,0,0,2.0,0.9048,1.0,1.0547
2024-03-18 08:00:00,0.9049,0.905,0.8132,0.8346,367321246.0,0.09627106225991847,-0.07758620689655171,0,0,0,0,0,2.0,0.8346,1.0,1.0547
2024-03-19 08:00:00,0.8346,0.885,0.7481,0.8227,607003652.0,0.0972867857034205,-0.01425832734243948,0,0,0,0,0,2.0,0.8227,1.0,1.0547
2024-03-20 08:00:00,0.8226,0.885,0.7672,0.8685,363926315.0,0.097799616060835,0.055670353713382914,0,0,0,0,0,1.0,0.8685,6.0,1.0547
2024-03-21 08:00:00,0.8686,0.8837,0.8061,0.8249,225293432.0,0.09729462565931413,-0.050201496833621295,0,0,0,0,0,2.0,0.8249,1.0,1.0547
2024-03-22 08:00:00,0.8248,0.847,0.7737,0.795,172111910.0,0.09669476001783127,-0.0362468177960964,0,1,0,0,0,2.0,0.795,1.0,0.795
2024-03-23 08:00:00,0.7951,0.8266,0.7851,0.8034,129375506.0,0.09531489101738548,0.010566037735848965,0,0,1,0,0,1.0,0.8034,6.0,0.795
2024-03-24 08:00:00,0.8034,0.8255,0.7893,0.8182,111691309.0,0.09383701874195084,0.01842170774209606,0,0,0,0,0,1.0,0.8182,6.0,0.795
2024-03-25 08:00:00,0.8182,0.8586,0.8108,0.8391,146623292.0,0.09268609327340208,0.02554387680273762,0,0,0,0,0,1.0,0.8391,6.0,0.795
2024-03-26 08:00:00,0.8391,0.8715,0.821,0.8438,163888002.0,0.09163144094156703,0.005601239423191462,0,0,0,0,0,1.0,0.8438,6.0,0.795
2024-03-27 08:00:00,0.8438,0.9135,0.8339,0.8935,380885291.0,0.09133065491802785,0.058900213320692174,1,0,0,0,0,1.0,0.8935,6.0,0.8935
2024-03-28 08:00:00,0.8934,0.9099,0.856,0.8673,197510073.0,0.09039488854507716,-0.029322887520984886,0,0,0,1,0,2.0,0.8673,1.0,0.8935
2024-03-29 08:00:00,0.8673,0.8813,0.8218,0.8306,144207661.0,0.08962251633145023,-0.04231523117721658,0,0,0,0,0,2.0,0.8306,1.0,0.8935
2024-03-30 08:00:00,0.8307,0.846,0.8134,0.8187,85297077.0,0.08819695342316397,-0.014326992535516503,0,0,0,0,0,2.0,0.8187,1.0,0.8935
2024-03-31 08:00:00,0.8187,0.8296,0.8033,0.8244,72619713.0,0.08664952958758487,0.006962257237083325,0,0,0,0,0,1.0,0.8244,6.0,0.8935
2024-04-01 08:00:00,0.8245,0.8278,0.7524,0.7786,170506657.0,0.08636829134789525,-0.05555555555555558,0,0,0,0,0,2.0,0.7786,1.0,0.8935
2024-04-02 08:00:00,0.7787,0.7806,0.7011,0.706,190157756.0,0.08619658406419788,-0.09324428461340872,0,0,0,0,0,2.0,0.706,1.0,0.8935
2024-04-03 08:00:00,0.706,0.7388,0.6756,0.7029,136396556.0,0.08562166946259293,-0.004390934844192618,0,0,0,0,0,2.0,0.7029,1.0,0.8935
2024-04-04 08:00:00,0.7029,0.7503,0.6827,0.7192,119042080.0,0.08517112772602811,0.02318964290795278,0,0,0,0,0,1.0,0.7192,6.0,0.8935
2024-04-05 08:00:00,0.7192,0.7192,0.6689,0.6951,116941248.0,0.0842993495328774,-0.033509454949944284,0,0,0,0,0,2.0,0.6951,1.0,0.8935
2024-04-06 08:00:00,0.695,0.7281,0.6891,0.7146,83199857.0,0.08316686579455547,0.028053517479499357,0,0,0,0,0,1.0,0.7146,6.0,0.8935
2024-04-07 08:00:00,0.7147,0.739,0.7104,0.7336,63834255.0,0.08180269414969159,0.02658830114749522,0,0,0,0,0,1.0,0.7336,6.0,0.8935
2024-04-08 08:00:00,0.7337,0.754,0.7148,0.7416,93043747.0,0.0807376267959493,0.010905125408942284,1,0,0,0,0,1.0,0.7416,6.0,0.7416
2024-04-09 08:00:00,0.7416,0.7446,0.6793,0.6853,139935744.0,0.08035168612605056,-0.07591693635382957,0,0,0,1,0,2.0,0.6853,1.0,0.7416
2024-04-10 08:00:00,0.6853,0.6935,0.637,0.6724,142041768.0,0.0797553939728993,-0.018823872756457027,0,0,0,0,0,2.0,0.6724,1.0,0.7416
2024-04-11 08:00:00,0.6724,0.6809,0.6576,0.6634,85225017.0,0.07834400912357681,-0.013384889946460476,0,0,0,0,0,2.0,0.6634,1.0,0.7416
2024-04-12 08:00:00,0.6634,0.6756,0.4425,0.5763,293922653.0,0.08221290889548738,-0.13129333735302973,0,0,0,0,0,2.0,0.5763,1.0,0.7416
2024-04-13 08:00:00,0.5763,0.582,0.3985,0.4909,480191442.0,0.0847450861731002,-0.14818670831164327,0,0,0,0,0,2.0,0.4909,1.0,0.7416
2024-04-14 08:00:00,0.4908,0.5576,0.4676,0.5439,295457953.0,0.08487645901877269,0.10796496231411701,0,0,0,0,0,1.0,0.5439,6.0,0.7416
2024-04-15 08:00:00,0.5439,0.5626,0.4783,0.4954,256923236.0,0.08486204754330337,-0.08917080345651784,0,0,0,0,0,2.0,0.4954,1.0,0.7416
2024-04-16 08:00:00,0.4954,0.5,0.4552,0.4862,252105054.0,0.08386049635472079,-0.018570851836899438,0,1,0,0,0,2.0,0.4862,1.0,0.4862
2024-04-17 08:00:00,0.4863,0.5288,0.4777,0.5,288946069.0,0.08304148394585277,0.028383381324557755,0,0,1,0,0,1.0,0.5,6.0,0.4862
2024-04-18 08:00:00,0.5001,0.5419,0.4791,0.5199,227754697.0,0.08253544684720646,0.03980000000000006,0,0,0,0,0,1.0,0.5199,6.0,0.4862
2024-04-19 08:00:00,0.5199,0.5777,0.4745,0.5569,296765117.0,0.0830520606760263,0.07116753221773409,0,0,0,0,0,1.0,0.5569,6.0,0.4862
2024-04-20 08:00:00,0.5569,0.6032,0.5435,0.6012,178915743.0,0.08246825915912565,0.07954749506195014,0,0,0,0,0,1.0,0.6012,6.0,0.4862
2024-04-21 08:00:00,0.6012,0.6112,0.5741,0.5873,164506886.0,0.0813340526801475,-0.023120425815036483,0,0,0,0,0,2.0,0.5873,1.0,0.4862
2024-04-22 08:00:00,0.5874,0.6722,0.5824,0.6467,317403410.0,0.0815457013631438,0.10114081389409169,1,0,0,0,0,1.0,0.6467,6.0,0.6467
2024-04-23 08:00:00,0.6467,0.6835,0.634,0.6377,302407250.0,0.08074455882906521,-0.013916808411937542,0,0,0,1,0,2.0,0.6377,1.0,0.6467
2024-04-24 08:00:00,0.6378,0.6557,0.5859,0.591,251900327.0,0.08047094485833858,-0.07323192723851357,0,0,0,0,0,2.0,0.591,1.0,0.6467
2024-04-25 08:00:00,0.591,0.6587,0.5788,0.6295,304892599.0,0.08045667123688012,0.06514382402707275,0,0,0,0,0,1.0,0.6295,6.0,0.6467
2024-04-26 08:00:00,0.6296,0.6399,0.579,0.5844,239222407.0,0.07996775445595812,-0.07164416203335966,0,0,0,0,0,2.0,0.5844,1.0,0.6467
2024-04-27 08:00:00,0.5843,0.5952,0.5458,0.5855,209566100.0,0.07920356059455917,0.0018822724161533522,0,0,0,0,0,2.0,0.5844,3.0,0.6467
2024-04-28 08:00:00,0.5855,0.6229,0.5811,0.5935,180538863.0,0.0782684715796952,0.01366353543979515,0,0,0,0,0,1.0,0.5935,6.0,0.6467
2024-04-29 08:00:00,0.5934,0.6461,0.5832,0.6352,430396686.0,0.07788425979020282,0.07026116259477666,1,0,0,0,0,1.0,0.6352,6.0,0.6352
2024-04-30 08:00:00,0.6351,0.6357,0.5331,0.5418,366772204.0,0.07850215329544774,-0.1470403022670026,0,0,0,1,0,2.0,0.5418,1.0,0.6352
2024-05-01 08:00:00,0.5418,0.5492,0.4941,0.5312,401549099.0,0.07791709946306155,-0.019564414913252004,0,1,0,0,0,2.0,0.5312,1.0,0.5312
2024-05-02 08:00:00,0.5312,0.5498,0.4989,0.5398,256745197.0,0.07724167197648502,0.01618975903614439,0,0,1,0,0,1.0,0.5398,6.0,0.5312
2024-05-03 08:00:00,0.5398,0.5747,0.5264,0.5695,227238829.0,0.07651813017707289,0.05502037791774739,0,0,0,0,0,1.0,0.5695,6.0,0.5312
2024-05-04 08:00:00,0.5694,0.5799,0.5561,0.5638,149264277.0,0.07520017692264606,-0.010008779631255571,0,0,0,0,0,2.0,0.5638,1.0,0.5312
2024-05-05 08:00:00,0.5638,0.5793,0.548,0.5596,151014841.0,0.07410267249957991,-0.007449450159631055,0,0,0,0,0,2.0,0.5596,1.0,0.5312
2024-05-06 08:00:00,0.5596,0.5869,0.5368,0.5412,194991391.0,0.07350260568709041,-0.03288062902072908,0,0,0,0,1,2.0,0.5412,1.0,0.5312
2024-05-07 08:00:00,0.5411,0.5516,0.5202,0.5223,152352017.0,0.07245004054491315,-0.03492239467849234,0,0,0,0,0,2.0,0.5223,1.0,0.5312
2024-05-08 08:00:00,0.5223,0.5457,0.5111,0.5208,157280543.0,0.07150378953129032,-0.0028719126938540063,0,0,0,0,0,2.0,0.5208,1.0,0.5312
2024-05-09 08:00:00,0.5207,0.5481,0.5121,0.5393,119549800.0,0.07061619479300806,0.035522273425499185,0,0,0,0,0,1.0,0.5393,6.0,0.5312
2024-05-10 08:00:00,0.5392,0.5481,0.5037,0.507,155447210.0,0.06996078992318286,-0.05989245318004821,0,0,0,0,0,2.0,0.507,1.0,0.5312
2024-05-11 08:00:00,0.507,0.5174,0.4969,0.4993,90873430.0,0.06872427017510328,-0.015187376725838253,0,0,0,0,0,2.0,0.4993,1.0,0.5312
2024-05-12 08:00:00,0.4993,0.5074,0.4921,0.4995,62085881.0,0.0673886634207257,0.0004005607850992021,0,0,0,0,0,2.0,0.4993,1.0,0.5312
2024-05-13 08:00:00,0.4995,0.5098,0.472,0.4843,172316210.0,0.06664894683520757,-0.030430430430430366,0,0,0,0,1,2.0,0.4843,1.0,0.5312
2024-05-14 08:00:00,0.4843,0.4873,0.4437,0.4552,145064808.0,0.06607272316432738,-0.06008672310551311,0,1,0,0,0,2.0,0.4552,1.0,0.4552
2024-05-15 08:00:00,0.4553,0.5464,0.4466,0.5283,245666927.0,0.0669159050852192,0.16058875219683655,0,0,1,0,0,1.0,0.5283,6.0,0.4552
2024-05-16 08:00:00,0.5282,0.5887,0.5201,0.5391,394428612.0,0.06695800745808872,0.020442930153321992,0,0,0,0,0,1.0,0.5391,6.0,0.4552
2024-05-17 08:00:00,0.5391,0.5697,0.5366,0.5601,218915061.0,0.0661115572716365,0.038953811908736924,0,0,0,0,0,1.0,0.5601,6.0,0.4552
2024-05-18 08:00:00,0.5602,0.5728,0.5435,0.5485,120110055.0,0.06519126833984559,-0.020710587395108115,0,0,0,0,0,2.0,0.5485,1.0,0.4552
2024-05-19 08:00:00,0.5484,0.5507,0.5185,0.5225,99606003.0,0.06436648663134946,-0.04740200546946216,0,1,0,0,0,2.0,0.5225,1.0,0.5225
2024-05-20 08:00:00,0.5226,0.5855,0.5093,0.5802,271105335.0,0.06466232446556572,0.11043062200956966,1,0,1,0,0,1.0,0.5802,6.0,0.5802
2024-05-21 08:00:00,0.5801,0.6003,0.564,0.5702,170075846.0,0.06395326635392658,-0.017235436056532216,0,0,0,1,0,2.0,0.5702,1.0,0.5802
2024-05-22 08:00:00,0.5702,0.5773,0.5365,0.5445,158018495.0,0.06337443469507842,-0.045071904594879086,0,0,0,0,0,2.0,0.5445,1.0,0.5802
2024-05-23 08:00:00,0.5446,0.5566,0.491,0.5233,195374611.0,0.06343007382770145,-0.038934802571166216,0,0,0,0,0,2.0,0.5233,1.0,0.5802
2024-05-24 08:00:00,0.5232,0.5272,0.497,0.5163,110673389.0,0.06259932198200892,-0.013376648194152518,0,1,0,0,0,2.0,0.5163,1.0,0.5163
2024-05-25 08:00:00,0.5163,0.5396,0.5139,0.5324,74585556.0,0.06167683893245869,0.0311834204919621,0,0,1,0,0,1.0,0.5324,6.0,0.5163
2024-05-26 08:00:00,0.5325,0.5499,0.5241,0.5366,110337670.0,0.06077991795914722,0.00788880540946657,0,0,0,0,0,1.0,0.5366,6.0,0.5163
2024-05-27 08:00:00,0.5366,0.5794,0.5329,0.5696,165084799.0,0.060422920010168545,0.06149832277301526,1,0,0,0,0,1.0,0.5696,6.0,0.5696
2024-05-28 08:00:00,0.5697,0.5775,0.5315,0.5404,154702787.0,0.060062347009914335,-0.0512640449438202,0,0,0,1,0,2.0,0.5404,1.0,0.5696
2024-05-29 08:00:00,0.5405,0.5467,0.5134,0.5159,115984077.0,0.05939328833466648,-0.04533678756476678,0,0,0,0,0,2.0,0.5159,1.0,0.5696
2024-05-30 08:00:00,0.5158,0.5251,0.5002,0.5108,87942717.0,0.05853095612629981,-0.00988563675130838,0,0,0,0,0,2.0,0.5108,1.0,0.5696
2024-05-31 08:00:00,0.5107,0.5219,0.4992,0.5069,68644996.0,0.05763518222314232,-0.007635082223962475,0,0,0,0,0,2.0,0.5069,1.0,0.5696
2024-06-01 08:00:00,0.507,0.5088,0.4905,0.4931,63084257.0,0.05665180266756376,-0.02722430459656744,0,0,0,0,0,2.0,0.4931,1.0,0.5696
2024-06-02 08:00:00,0.493,0.5044,0.4757,0.4794,99390097.0,0.05595300760087467,-0.027783411072804687,0,1,0,0,0,2.0,0.4794,1.0,0.4794
2024-06-03 08:00:00,0.4794,0.5198,0.4727,0.5041,127973178.0,0.0557316824108528,0.0515227367542761,0,0,1,0,0,1.0,0.5041,6.0,0.4794
2024-06-04 08:00:00,0.5041,0.5278,0.4983,0.5222,91405439.0,0.05507589035058148,0.03590557429081542,0,0,0,0,0,1.0,0.5222,6.0,0.4794
2024-06-05 08:00:00,0.5223,0.5332,0.5146,0.5282,70304849.0,0.05416399309181695,0.011489850631941856,0,0,0,0,0,1.0,0.5282,6.0,0.4794
2024-06-06 08:00:00,0.5282,0.5325,0.5035,0.5102,65526256.0,0.05353489326452153,-0.03407800075728895,0,0,0,0,0,2.0,0.5102,1.0,0.4794
2024-06-07 08:00:00,0.5102,0.5657,0.4615,0.5287,307075333.0,0.05480152093290849,0.03626029008232057,1,0,0,0,0,1.0,0.5287,6.0,0.5287
2024-06-08 08:00:00,0.5287,0.5477,0.4871,0.4931,239161132.0,0.05494648290958578,-0.0673349725742386,0,0,0,1,0,2.0,0.4931,1.0,0.5287
2024-06-09 08:00:00,0.4931,0.5053,0.4808,0.5018,106780146.0,0.054185320836846136,0.01764348002433591,0,0,0,0,0,1.0,0.5018,6.0,0.5287
2024-06-10 08:00:00,0.5018,0.5043,0.4748,0.4816,112926442.0,0.053568187815924984,-0.04025508170585901,0,0,0,0,0,2.0,0.4816,1.0,0.5287
2024-06-11 08:00:00,0.4815,0.4832,0.449,0.4563,174997294.0,0.05308398312052686,-0.05253322259136206,0,0,0,0,0,2.0,0.4563,1.0,0.5287
2024-06-12 08:00:00,0.4563,0.4953,0.4378,0.4801,167361399.0,0.05319438354251369,0.05215866754328302,0,0,0,0,0,1.0,0.4801,6.0,0.5287
2024-06-13 08:00:00,0.48,0.489,0.4391,0.4421,128831264.0,0.05311202395395085,-0.07915017704644878,0,0,0,0,0,2.0,0.4421,1.0,0.5287
2024-06-14 08:00:00,0.4422,0.4511,0.4053,0.4189,136949316.0,0.05292922335510208,-0.05247681520018099,0,0,0,0,0,2.0,0.4189,1.0,0.5287
2024-06-15 08:00:00,0.4188,0.4249,0.4127,0.4159,50045288.0,0.051910992771224525,-0.007161613750298446,0,0,0,0,0,2.0,0.4159,1.0,0.5287
2024-06-16 08:00:00,0.4159,0.4209,0.4014,0.4139,70141248.0,0.05110071795194391,-0.0048088482808367194,0,0,0,0,0,2.0,0.4139,1.0,0.5287
2024-06-17 08:00:00,0.4139,0.4193,0.3646,0.3784,194847143.0,0.05119070000314531,-0.08576950954336793,0,0,0,0,0,2.0,0.3784,1.0,0.5287
2024-06-18 08:00:00,0.3785,0.3813,0.32,0.3435,273824903.0,0.051443432503066676,-0.09223044397462998,0,1,0,0,0,2.0,0.3435,1.0,0.3435
2024-06-19 08:00:00,0.3435,0.3644,0.3367,0.3576,154601939.0,0.05084984669049001,0.04104803493449771,0,0,1,0,0,1.0,0.3576,6.0,0.3435
2024-06-20 08:00:00,0.3577,0.3933,0.3535,0.3601,188353333.0,0.050573600523227756,0.006991051454138697,0,0,0,0,0,1.0,0.3601,6.0,0.3435
2024-06-21 08:00:00,0.36,0.3718,0.354,0.3633,147807625.0,0.049754260510147065,0.008886420438767084,0,0,0,0,0,1.0,0.3633,6.0,0.3435
2024-06-22 08:00:00,0.3634,0.367,0.3536,0.3539,63421810.0,0.048845403997393386,-0.025873933388384285,0,0,0,0,0,2.0,0.3539,1.0,0.3435
2024-06-23 08:00:00,0.3539,0.3621,0.3425,0.3485,81582917.0,0.04811426889745855,-0.015258547612319928,0,1,0,0,0,2.0,0.3485,1.0,0.3485
2024-06-24 08:00:00,0.3486,0.3663,0.3273,0.3646,172732450.0,0.04788641217502208,0.04619799139167857,0,0,1,0,0,1.0,0.3646,6.0,0.3485
2024-06-25 08:00:00,0.3646,0.3841,0.3607,0.374,100925808.0,0.04727425187064653,0.02578167855183766,1,0,0,0,0,1.0,0.374,6.0,0.374
2024-06-26 08:00:00,0.3739,0.3768,0.3499,0.352,79100434.0,0.04676489557388037,-0.05882352941176472,0,0,0,1,0,2.0,0.352,1.0,0.374
2024-06-27 08:00:00,0.3519,0.3668,0.3442,0.3601,81997106.0,0.046160773184533356,0.02301136363636358,0,0,0,0,0,1.0,0.3601,6.0,0.374
2024-06-28 08:00:00,0.3601,0.3628,0.339,0.3405,71526531.0,0.04560175385492002,-0.05442932518744781,0,0,0,0,0,2.0,0.3405,1.0,0.374
2024-06-29 08:00:00,0.3405,0.3479,0.3307,0.3327,54872722.0,0.04489171000854702,-0.022907488986784186,0,0,0,0,0,2.0,0.3327,1.0,0.374
2024-06-30 08:00:00,0.3327,0.3433,0.3243,0.3405,90066432.0,0.04424441725833334,0.023444544634806164,0,0,0,0,0,1.0,0.3405,6.0,0.374
2024-07-01 08:00:00,0.3404,0.3476,0.3314,0.3329,77512336.0,0.04354330682687501,-0.022320117474302625,0,0,0,0,0,2.0,0.3329,1.0,0.374
2024-07-02 08:00:00,0.3328,0.3487,0.3287,0.3387,110381036.0,0.04295472415620313,0.017422649444277738,0,0,0,0,0,1.0,0.3387,6.0,0.374
2024-07-03 08:00:00,0.3387,0.3469,0.3087,0.3109,162494706.0,0.04283585605229805,-0.0820785355772069,0,0,0,0,0,2.0,0.3109,1.0,0.374
2024-07-04 08:00:00,0.3108,0.3131,0.2722,0.2751,194505285.0,0.0427874596509906,-0.11514956577677704,0,0,0,0,0,2.0,0.2751,1.0,0.374
2024-07-05 08:00:00,0.275,0.2791,0.2403,0.2728,355424564.0,0.042687773159715836,-0.008360596146855803,0,0,0,0,0,2.0,0.2728,1.0,0.374
2024-07-06 08:00:00,0.2728,0.2905,0.27,0.2886,129403106.0,0.04213307883072294,0.057917888563050024,0,0,0,0,0,1.0,0.2886,6.0,0.374
2024-07-07 08:00:00,0.2886,0.2888,0.2572,0.2589,133726534.0,0.04186975185995487,-0.10291060291060294,0,1,0,0,0,2.0,0.2589,1.0,0.2589
2024-07-08 08:00:00,0.2588,0.3029,0.2462,0.2865,325758544.0,0.04224050806345599,0.10660486674391634,0,0,1,0,0,1.0,0.2865,6.0,0.2589
2024-07-09 08:00:00,0.2865,0.3458,0.2837,0.3336,523850820.0,0.0427369953618696,0.16439790575916247,1,0,0,0,0,1.0,0.3336,6.0,0.3336
2024-07-10 08:00:00,0.3336,0.345,0.3187,0.3336,422160860.0,0.04232607047782286,0.0,0,0,0,0,0,1.0,0.3336,6.0,0.3336
2024-07-11 08:00:00,0.3336,0.3352,0.3091,0.3111,314490481.0,0.04192041871587729,-0.06744604316546765,0,0,0,1,0,2.0,0.3111,1.0,0.3336
2024-07-12 08:00:00,0.3111,0.3268,0.3056,0.3115,271971113.0,0.04140240824798036,0.0012857602057216866,0,0,0,0,0,2.0,0.3111,2.0,0.3336
2024-07-13 08:00:00,0.3116,0.3205,0.306,0.315,164410327.0,0.04072984804178085,0.011235955056179803,0,0,0,0,0,1.0,0.315,6.0,0.3336
2024-07-14 08:00:00,0.315,0.3355,0.3146,0.3276,143529926.0,0.04023410184073633,0.040000000000000036,0,0,0,0,0,1.0,0.3276,6.0,0.3336
2024-07-15 08:00:00,0.3275,0.3605,0.3246,0.3555,219223118.0,0.04012574929471792,0.08516483516483508,0,0,0,0,0,1.0,0.3555,6.0,0.3336
2024-07-16 08:00:00,0.3555,0.3689,0.3369,0.3607,228345459.0,0.03992260556234997,0.014627285513361565,0,0,0,0,0,1.0,0.3607,6.0,0.3336
2024-07-17 08:00:00,0.3608,0.3727,0.3481,0.3493,168441459.0,0.03953954042329122,-0.03160521208760747,0,0,0,0,0,2.0,0.3493,1.0,0.3336
2024-07-18 08:00:00,0.3493,0.3677,0.3385,0.3494,150455271.0,0.03928105191270894,0.0002862868594331047,0,0,0,0,0,2.0,0.3493,1.0,0.3336
2024-07-19 08:00:00,0.3494,0.3969,0.3418,0.3845,234848122.0,0.03967652561489122,0.10045792787635954,0,0,0,0,0,1.0,0.3845,6.0,0.3336
2024-07-20 08:00:00,0.3846,0.4169,0.3813,0.398,302211635.0,0.03957461247451894,0.03511053315994794,1,0,0,0,0,1.0,0.398,6.0,0.398
2024-07-21 08:00:00,0.398,0.3997,0.37,0.3941,167701432.0,0.03932774716265597,-0.009798994974874353,0,0,0,1,0,2.0,0.3941,1.0,0.398
2024-07-22 08:00:00,0.3942,0.4179,0.3841,0.3936,269578918.0,0.039189553483589566,-0.0012687135244862091,0,0,0,0,0,2.0,0.3936,1.0,0.398
2024-07-23 08:00:00,0.3936,0.3992,0.3702,0.3758,205395682.0,0.03893481464649983,-0.045223577235772305,0,0,0,0,0,2.0,0.3758,1.0,0.398
2024-07-24 08:00:00,0.3758,0.3818,0.3523,0.3561,168398376.0,0.038698944280337336,-0.052421500798296994,0,0,0,0,0,2.0,0.3561,1.0,0.398
2024-07-25 08:00:00,0.356,0.3592,0.3392,0.355,166051680.0,0.0382314706733289,-0.0030890199382197503,0,0,0,0,0,2.0,0.355,1.0,0.398
2024-07-26 08:00:00,0.3549,0.3756,0.3535,0.372,80766857.0,0.03782818390649568,0.04788732394366191,0,0,0,0,0,1.0,0.372,6.0,0.398
2024-07-27 08:00:00,0.3721,0.3759,0.3513,0.3662,139330118.0,0.037497479308833286,-0.015591397849462285,0,0,0,0,0,2.0,0.3662,1.0,0.398
2024-07-28 08:00:00,0.3661,0.3666,0.3466,0.3514,63717861.0,0.03706004232611245,-0.040415073730202145,0,0,0,0,0,2.0,0.3514,1.0,0.398
2024-07-29 08:00:00,0.3514,0.371,0.3504,0.351,140396615.0,0.03664854126795964,-0.0011383039271485318,0,0,0,0,0,2.0,0.351,1.0,0.398
2024-07-30 08:00:00,0.3511,0.3593,0.3274,0.3327,130533784.0,0.03652982773626065,-0.05213675213675206,0,0,0,0,0,2.0,0.3327,1.0,0.398
2024-07-31 08:00:00,0.3328,0.3364,0.316,0.3165,119371307.0,0.036126582042854134,-0.048692515779981904,0,0,0,0,0,2.0,0.3165,1.0,0.398
2024-08-01 08:00:00,0.3165,0.3231,0.2876,0.304,194189745.0,0.03611091749178278,-0.03949447077409163,0,0,0,0,0,2.0,0.304,1.0,0.398
2024-08-02 08:00:00,0.3039,0.3056,0.2763,0.2795,192246706.0,0.03594064455448821,-0.08059210526315774,0,0,0,0,0,2.0,0.2795,1.0,0.398
2024-08-03 08:00:00,0.2795,0.2865,0.2627,0.2671,162988884.0,0.035637128440626005,-0.04436493738819325,0,0,0,0,0,2.0,0.2671,1.0,0.398
2024-08-04 08:00:00,0.267,0.2716,0.2405,0.2501,170740009.0,0.03552370022961036,-0.06364657431673537,0,0,0,0,0,2.0,0.2501,1.0,0.398
2024-08-05 08:00:00,0.2501,0.2532,0.2014,0.2271,737006576.0,0.0359306077238701,-0.09196321471411428,0,1,0,0,0,2.0,0.2271,1.0,0.2271
2024-08-06 08:00:00,0.2272,0.2493,0.2267,0.2434,182898553.0,0.035597342530773346,0.07177454865697941,0,0,1,0,0,1.0,0.2434,6.0,0.2271
2024-08-07 08:00:00,0.2434,0.2613,0.234,0.2356,205147036.0,0.03538990896750401,-0.032046014790468424,0,0,0,0,0,2.0,0.2356,1.0,0.2271
2024-08-08 08:00:00,0.2357,0.2931,0.2308,0.291,274187772.0,0.03606266124331641,0.2351443123938879,0,0,0,0,0,1.0,0.291,6.0,0.2271
2024-08-09 08:00:00,0.2911,0.3056,0.2811,0.2889,296055874.0,0.0357735947122335,-0.007216494845360799,0,0,0,0,0,2.0,0.2889,1.0,0.2271
2024-08-10 08:00:00,0.2889,0.3109,0.2838,0.2985,228024768.0,0.03555675484442766,0.03322949117341634,0,0,0,0,0,1.0,0.2985,6.0,0.2271
2024-08-11 08:00:00,0.2985,0.2994,0.2655,0.2677,199517720.0,0.03551533597331697,-0.10318257956448906,0,0,0,0,0,2.0,0.2677,1.0,0.2271
2024-08-12 08:00:00,0.2677,0.3141,0.2662,0.3042,505396556.0,0.03582495257398405,0.13634665670526713,1,0,0,0,0,1.0,0.3042,6.0,0.3042
2024-08-13 08:00:00,0.3042,0.3058,0.2849,0.2937,258133313.0,0.03545182875963445,-0.03451676528599612,0,0,0,1,0,2.0,0.2937,1.0,0.3042
2024-08-14 08:00:00,0.2937,0.3017,0.277,0.2819,232976570.0,0.03518303304064359,-0.04017705141300654,0,0,0,0,0,2.0,0.2819,1.0,0.3042
2024-08-15 08:00:00,0.282,0.2851,0.2625,0.275,200766148.0,0.0348684572146275,-0.02447676481021621,0,0,0,0,0,2.0,0.275,1.0,0.3042
2024-08-16 08:00:00,0.2751,0.2793,0.2585,0.2668,184969968.0,0.03451674578426182,-0.029818181818181966,0,0,0,0,0,2.0,0.2668,1.0,0.3042
2024-08-17 08:00:00,0.2668,0.2721,0.26,0.2701,108601589.0,0.03395632713965527,0.01236881559220393,0,0,0,0,0,1.0,0.2701,6.0,0.3042
2024-08-18 08:00:00,0.2701,0.2787,0.2653,0.2662,99595181.0,0.033442418961163886,-0.014439096630877502,0,0,0,0,0,2.0,0.2662,1.0,0.3042
2024-08-19 08:00:00,0.2663,0.2677,0.2559,0.2665,134124396.0,0.03290135848713479,0.001126972201352494,0,0,0,0,0,2.0,0.2662,2.0,0.3042
2024-08-20 08:00:00,0.2666,0.2823,0.2599,0.2645,166249039.0,0.03263882452495642,-0.007504690431519689,0,1,0,0,0,2.0,0.2645,1.0,0.2645
2024-08-21 08:00:00,0.2645,0.287,0.2589,0.2799,154238931.0,0.03252535391183251,0.058223062381852486,0,0,1,0,0,1.0,0.2799,6.0,0.2645
2024-08-22 08:00:00,0.2799,0.2941,0.2777,0.2845,161294881.0,0.0321222200640367,0.01643444087173984,0,0,0,0,0,1.0,0.2845,6.0,0.2645
2024-08-23 08:00:00,0.2846,0.333,0.2843,0.3292,391191487.0,0.032536664562435785,0.1571177504393675,0,0,0,0,0,1.0,0.3292,6.0,0.2645
2024-08-24 08:00:00,0.3293,0.3549,0.329,0.3477,299012937.0,0.03237074794837489,0.05619684082624543,0,0,0,0,0,1.0,0.3477,6.0,0.2645
2024-08-25 08:00:00,0.3476,0.3617,0.3311,0.3505,371926349.0,0.032326479249665516,0.008052919183203722,1,0,0,0,0,1.0,0.3505,6.0,0.3505
2024-08-26 08:00:00,0.3505,0.367,0.3321,0.3332,426301279.0,0.032390817268423876,-0.04935805991440789,0,0,0,1,0,2.0,0.3332,1.0,0.3505
2024-08-27 08:00:00,0.3331,0.3485,0.3006,0.3144,420952989.0,0.03277854683671328,-0.056422569027611,0,0,0,0,0,2.0,0.3144,1.0,0.3505
2024-08-28 08:00:00,0.3144,0.3207,0.2912,0.3051,343510656.0,0.03269658316579545,-0.029580152671755844,0,0,0,0,0,2.0,0.3051,1.0,0.3505
2024-08-29 08:00:00,0.3052,0.3279,0.2989,0.3033,239159624.0,0.032604168586650564,-0.005899705014749124,0,0,0,0,0,2.0,0.3033,1.0,0.3505
2024-08-30 08:00:00,0.3033,0.31,0.2802,0.2934,260381691.0,0.0325340643719843,-0.03264094955489616,0,0,0,0,0,2.0,0.2934,1.0,0.3505
2024-08-31 08:00:00,0.2933,0.2997,0.2812,0.2842,144292968.0,0.03218321276268469,-0.0313565098841172,0,0,0,0,0,2.0,0.2842,1.0,0.3505
2024-09-01 08:00:00,0.2842,0.2862,0.2638,0.2662,168688590.0,0.031938632443617575,-0.063335679099226,0,0,0,0,0,2.0,0.2662,1.0,0.3505
2024-09-02 08:00:00,0.2661,0.2859,0.2634,0.2843,172846657.0,0.03170266663252713,0.06799398948159285,0,0,0,0,0,1.0,0.2843,6.0,0.3505
2024-09-03 08:00:00,0.2842,0.2901,0.2623,0.2631,163291709.0,0.031605099966713956,-0.07456911712979242,0,0,0,0,0,2.0,0.2631,1.0,0.3505
2024-09-04 08:00:00,0.2631,0.2768,0.251,0.2728,221013552.0,0.03145997246754611,0.03686811098441645,0,0,0,0,0,1.0,0.2728,6.0,0.3505
2024-09-05 08:00:00,0.2729,0.2817,0.2639,0.2655,231908008.0,0.031118473155857456,-0.02675953079178872,0,0,0,0,0,2.0,0.2655,1.0,0.3505
2024-09-06 08:00:00,0.2654,0.28,0.2508,0.263,317224733.0,0.03107051132696102,-0.00941619585687381,0,1,0,0,0,2.0,0.263,1.0,0.263
2024-09-07 08:00:00,0.2629,0.2728,0.2617,0.2666,147094962.0,0.030571248543786993,0.013688212927756682,0,0,1,0,0,1.0,0.2666,6.0,0.263
2024-09-08 08:00:00,0.2666,0.2856,0.2651,0.281,270038238.0,0.03031946733019232,0.054013503375843985,0,0,0,0,0,1.0,0.281,6.0,0.263
2024-09-09 08:00:00,0.2809,0.3022,0.2739,0.2953,255606682.0,0.030268980646937515,0.05088967971530245,0,0,0,0,0,1.0,0.2953,6.0,0.263
2024-09-10 08:00:00,0.2954,0.2994,0.2886,0.294,162898304.0,0.029782256130764077,-0.004402302742973374,0,0,0,0,0,2.0,0.294,1.0,0.263
2024-09-11 08:00:00,0.2941,0.2973,0.2721,0.2828,255440578.0,0.029667699727494976,-0.03809523809523807,0,0,0,0,0,2.0,0.2828,1.0,0.263
2024-09-12 08:00:00,0.2827,0.3088,0.2827,0.3025,324393438.0,0.0295785072343076,0.0696605374823196,0,0,0,0,0,1.0,0.3025,6.0,0.263
2024-09-13 08:00:00,0.3025,0.3136,0.2914,0.3048,239092093.0,0.029394044553449912,0.007603305785124137,1,0,0,0,0,1.0,0.3048,6.0,0.3048
2024-09-14 08:00:00,0.3049,0.3101,0.2944,0.2986,134161309.0,0.029051693439613665,-0.020341207349081514,0,0,0,1,0,2.0,0.2986,1.0,0.3048
2024-09-15 08:00:00,0.2986,0.3171,0.2954,0.2988,278436529.0,0.028867901103623323,0.000669792364367261,0,0,0,0,0,2.0,0.2986,2.0,0.3048
2024-09-16 08:00:00,0.2988,0.2988,0.2646,0.2704,340739729.0,0.02900120357603274,-0.09504685408299873,0,1,0,0,0,2.0,0.2704,1.0,0.2704
2024-09-17 08:00:00,0.2704,0.2912,0.2645,0.2777,297987238.0,0.02894367348663192,0.026997041420118384,0,0,1,0,0,1.0,0.2777,6.0,0.2704
2024-09-18 08:00:00,0.2777,0.311,0.2618,0.3106,388344846.0,0.029450081649466123,0.11847317248829659,0,0,0,0,0,1.0,0.3106,6.0,0.2704
2024-09-19 08:00:00,0.3106,0.3444,0.3099,0.3354,578318547.0,0.02957632960822947,0.07984546039922735,0,0,0,0,0,1.0,0.3354,6.0,0.2704
2024-09-20 08:00:00,0.3354,0.3657,0.3268,0.3525,507749438.0,0.029809421368023732,0.05098389982110918,0,0,0,0,0,1.0,0.3525,6.0,0.2704
2024-09-21 08:00:00,0.3525,0.3949,0.3511,0.3908,500868710.0,0.030159185833823137,0.10865248226950364,0,0,0,0,0,1.0,0.3908,6.0,0.2704
2024-09-22 08:00:00,0.3908,0.391,0.3594,0.3716,463749103.0,0.03019520618797756,-0.04912998976458549,0,0,0,0,0,2.0,0.3716,1.0,0.2704
2024-09-23 08:00:00,0.3717,0.3933,0.3596,0.3653,404193947.0,0.030282826033278122,-0.01695371367061349,0,0,0,0,0,2.0,0.3653,1.0,0.2704
2024-09-24 08:00:00,0.3653,0.4391,0.3613,0.4331,548248049.0,0.03147075538244617,0.18560087599233488,0,0,0,0,0,1.0,0.4331,6.0,0.2704
2024-09-25 08:00:00,0.433,0.4744,0.4306,0.4535,1299527351.0,0.03177898649788501,0.04710228584622489,0,0,0,0,0,1.0,0.4535,6.0,0.2704
2024-09-26 08:00:00,0.4535,0.5054,0.4402,0.4677,1072998269.0,0.032614511835437884,0.03131201764057323,0,0,0,0,0,1.0,0.4677,6.0,0.2704
2024-09-27 08:00:00,0.4676,0.4812,0.456,0.4617,397339918.0,0.032429149039551936,-0.012828736369467575,0,0,0,0,0,2.0,0.4617,1.0,0.2704
2024-09-28 08:00:00,0.4617,0.464,0.4311,0.4454,333858749.0,0.03244092031356314,-0.03530431015811131,0,0,0,0,0,2.0,0.4454,1.0,0.2704
2024-09-29 08:00:00,0.4454,0.5209,0.4357,0.482,814284256.0,0.03375989730572406,0.08217332734620553,1,0,0,0,0,1.0,0.482,6.0,0.482
2024-09-30 08:00:00,0.4821,0.493,0.4561,0.4617,735297478.0,0.03383839987308096,-0.04211618257261407,0,0,0,1,0,2.0,0.4617,1.0,0.482
2024-10-01 08:00:00,0.4618,0.503,0.4125,0.4362,1018250860.0,0.035254939876253936,-0.05523066926575704,0,0,0,0,1,2.0,0.4362,1.0,0.482
2024-10-02 08:00:00,0.4362,0.4744,0.4046,0.4229,981811955.0,0.036118566379347586,-0.03049060064190734,0,0,0,0,0,2.0,0.4229,1.0,0.482
2024-10-03 08:00:00,0.4229,0.4408,0.3773,0.3953,859539924.0,0.036803102219863895,-0.06526365571056991,0,1,0,0,0,2.0,0.3953,1.0,0.3953
2024-10-04 08:00:00,0.3952,0.4283,0.3829,0.4188,623833448.0,0.0370180246643673,0.05944852011130797,0,0,1,0,0,1.0,0.4188,6.0,0.3953
2024-10-05 08:00:00,0.4188,0.4199,0.3987,0.4093,326648324.0,0.036622574047758115,-0.022683858643744004,0,0,0,0,0,2.0,0.4093,1.0,0.3953
2024-10-06 08:00:00,0.4094,0.4459,0.4004,0.4385,435641399.0,0.036844509696564165,0.07134131443928671,1,0,0,0,0,1.0,0.4385,6.0,0.4385
2024-10-07 08:00:00,0.4384,0.4632,0.4241,0.426,750017140.0,0.03690089695415006,-0.02850627137970352,0,0,0,1,0,2.0,0.426,1.0,0.4385
2024-10-08 08:00:00,0.426,0.4593,0.423,0.4321,671032832.0,0.036885874530296306,0.014319248826291098,0,0,0,0,0,1.0,0.4321,6.0,0.4385
2024-10-09 08:00:00,0.432,0.4434,0.3982,0.4031,514082183.0,0.037093727667038896,-0.06711409395973145,0,1,0,0,0,2.0,0.4031,1.0,0.4031
2024-10-10 08:00:00,0.403,0.4149,0.3878,0.4093,453615026.0,0.03684388447536292,0.01538079880922849,0,0,1,0,0,1.0,0.4093,6.0,0.4031
2024-10-11 08:00:00,0.4093,0.4547,0.4044,0.4456,488457099.0,0.03718028736347885,0.08868800390911313,0,0,0,0,0,1.0,0.4456,6.0,0.4031
2024-10-12 08:00:00,0.4456,0.4894,0.4386,0.4785,581404851.0,0.03752078017939188,0.07383303411131048,0,0,0,0,0,1.0,0.4785,6.0,0.4031
2024-10-13 08:00:00,0.4784,0.4944,0.4518,0.4903,579765216.0,0.037647760674907084,0.02466039707419032,0,0,0,0,0,1.0,0.4903,6.0,0.4031
2024-10-14 08:00:00,0.4903,0.5106,0.4765,0.4933,541240860.0,0.03755906665803441,0.006118702834998935,1,0,0,0,0,1.0,0.4933,6.0,0.4933
2024-10-15 08:00:00,0.4934,0.4944,0.4488,0.4608,497875839.0,0.03776008999158355,-0.06588282992094063,0,0,0,1,0,2.0,0.4608,1.0,0.4933
2024-10-16 08:00:00,0.4608,0.4611,0.4352,0.4447,385026579.0,0.03746358774179396,-0.03493923611111116,0,0,0,0,0,2.0,0.4447,1.0,0.4933
2024-10-17 08:00:00,0.4446,0.4551,0.4219,0.4305,336154663.0,0.03735699804824911,-0.031931639307398174,0,0,0,0,0,2.0,0.4305,1.0,0.4933
2024-10-18 08:00:00,0.4305,0.4544,0.4264,0.4445,336193215.0,0.03712307309704288,0.03252032520325199,0,0,0,0,0,1.0,0.4445,6.0,0.4933
2024-10-19 08:00:00,0.4445,0.4534,0.4323,0.435,225268890.0,0.03672249626961681,-0.021372328458942658,0,0,0,0,0,2.0,0.435,1.0,0.4933
2024-10-20 08:00:00,0.4349,0.4558,0.4305,0.4532,233470406.0,0.036436933862876386,0.04183908045977014,1,0,0,0,0,1.0,0.4532,6.0,0.4532
2024-10-21 08:00:00,0.4532,0.461,0.4263,0.4279,309076642.0,0.036393510516304475,-0.05582524271844658,0,0,0,1,1,2.0,0.4279,1.0,0.4532
2024-10-22 08:00:00,0.428,0.4388,0.4204,0.431,259023879.0,0.03594367275339686,0.007244683337228386,0,0,0,0,0,1.0,0.431,6.0,0.4532
2024-10-23 08:00:00,0.4311,0.4396,0.4119,0.436,258322554.0,0.03573758093456194,0.011600928074245953,0,0,0,0,0,1.0,0.436,6.0,0.4532
2024-10-24 08:00:00,0.436,0.4413,0.4158,0.4215,254570265.0,0.03548164141119789,-0.03325688073394495,0,0,0,0,0,2.0,0.4215,1.0,0.4532
2024-10-25 08:00:00,0.4215,0.4227,0.3504,0.3718,486707339.0,0.03640210037591794,-0.11791221826809006,0,1,0,0,0,2.0,0.3718,1.0,0.3718
2024-10-26 08:00:00,0.3718,0.3823,0.3643,0.3778,247288696.0,0.03594204786651999,0.016137708445400856,0,0,1,0,0,1.0,0.3778,6.0,0.3718
2024-10-27 08:00:00,0.3778,0.3827,0.3704,0.3746,141900610.0,0.03535099666985699,-0.008470089994706331,0,0,0,0,0,2.0,0.3746,1.0,0.3718
2024-10-28 08:00:00,0.3746,0.3758,0.3523,0.3721,286125855.0,0.03505472175311057,-0.006673785371062446,0,0,0,0,0,2.0,0.3721,1.0,0.3718
2024-10-29 08:00:00,0.3721,0.4031,0.3707,0.3964,362832061.0,0.034988353709282806,0.06530502553077122,0,0,0,0,0,1.0,0.3964,6.0,0.3718
2024-10-30 08:00:00,0.3964,0.4208,0.3921,0.4072,483817623.0,0.034831144866550735,0.02724520686175591,1,0,0,0,0,1.0,0.4072,6.0,0.4072
2024-10-31 08:00:00,0.4072,0.4089,0.3829,0.3855,260701113.0,0.03461036624488697,-0.05329076620825146,0,0,0,1,0,2.0,0.3855,1.0,0.4072
2024-11-01 08:00:00,0.3854,0.4045,0.3722,0.3787,348820882.0,0.03455260708876479,-0.017639429312581112,0,0,0,0,0,2.0,0.3787,1.0,0.4072
2024-11-02 08:00:00,0.3787,0.385,0.362,0.3663,164281210.0,0.034263791911545674,-0.03274359651439129,0,0,0,0,0,2.0,0.3663,1.0,0.4072
2024-11-03 08:00:00,0.3663,0.3679,0.3301,0.3481,335863836.0,0.03435219711375703,-0.049686049686049616,0,0,0,0,0,2.0,0.3481,1.0,0.4072
2024-11-04 08:00:00,0.3481,0.3533,0.3319,0.3372,197179422.0,0.03402839218591311,-0.03131284113760424,0,1,0,0,0,2.0,0.3372,1.0,0.3372
2024-11-05 08:00:00,0.3372,0.3652,0.3356,0.3513,224023641.0,0.03391768238126528,0.04181494661921703,0,0,1,0,0,1.0,0.3513,6.0,0.3372
2024-11-06 08:00:00,0.3514,0.4152,0.3506,0.4102,466067846.0,0.034684740321733645,0.16766296612581844,0,0,0,0,0,1.0,0.4102,6.0,0.3372
2024-11-07 08:00:00,0.4101,0.4287,0.3994,0.416,304515939.0,0.034550121813690306,0.014139444173573823,0,0,0,0,0,1.0,0.416,6.0,0.3372
2024-11-08 08:00:00,0.4161,0.4235,0.3963,0.4192,300352322.0,0.034366368768348046,0.007692307692307887,0,0,0,0,0,1.0,0.4192,6.0,0.3372
2024-11-09 08:00:00,0.4192,0.4582,0.4092,0.4505,369258971.0,0.034732209549139345,0.07466603053435117,0,0,0,0,0,1.0,0.4505,6.0,0.3372
2024-11-10 08:00:00,0.4505,0.4944,0.4375,0.4677,607047357.0,0.035286404310410864,0.038179800221975535,0,0,0,0,0,1.0,0.4677,6.0,0.3372
2024-11-11 08:00:00,0.4678,0.5204,0.4602,0.5151,727947849.0,0.03590924420265059,0.10134701731879403,1,0,0,0,0,1.0,0.5151,6.0,0.5151
2024-11-12 08:00:00,0.5151,0.5158,0.4415,0.4838,693497597.0,0.03686901309758433,-0.0607649000194137,0,0,0,1,0,2.0,0.4838,1.0,0.5151
2024-11-13 08:00:00,0.4838,0.4898,0.43,0.4516,655794660.0,0.037442287770144723,-0.06655642827614716,0,0,0,0,0,2.0,0.4516,1.0,0.5151
2024-11-14 08:00:00,0.4515,0.4896,0.4305,0.4369,514434626.0,0.037983730575891106,-0.03255093002657217,0,1,0,0,0,2.0,0.4369,1.0,0.4369
2024-11-15 08:00:00,0.4369,0.4691,0.4199,0.4606,386933505.0,0.03826413731149383,0.05424582284275581,0,0,1,0,0,1.0,0.4606,6.0,0.4369
2024-11-16 08:00:00,0.4605,0.5526,0.4572,0.543,823890602.0,0.039692533878706485,0.1788970907511942,1,0,0,0,0,1.0,0.543,6.0,0.543
2024-11-17 08:00:00,0.543,0.5539,0.488,0.5002,481547432.0,0.04034772053173882,-0.07882136279926344,0,0,0,1,0,2.0,0.5002,1.0,0.543
2024-11-18 08:00:00,0.5003,0.5458,0.4962,0.5168,480313719.0,0.04057902751844535,0.0331867253098761,0,0,0,0,0,1.0,0.5168,6.0,0.543
2024-11-19 08:00:00,0.5168,0.5169,0.4811,0.491,281996791.0,0.04045955183048422,-0.04992260061919518,0,0,0,0,0,2.0,0.491,1.0,0.543
2024-11-20 08:00:00,0.4909,0.4944,0.451,0.461,326229147.0,0.040533063034722115,-0.06109979633401219,0,1,0,0,0,2.0,0.461,1.0,0.461
2024-11-21 08:00:00,0.461,0.5021,0.4424,0.4844,404453993.0,0.04101223645885406,0.05075921908893699,0,0,1,0,0,1.0,0.4844,6.0,0.461
2024-11-22 08:00:00,0.4844,0.5186,0.466,0.5172,370390569.0,0.04130193054738271,0.06771263418662254,0,0,0,0,0,1.0,0.5172,6.0,0.461
2024-11-23 08:00:00,0.5172,0.5476,0.5012,0.5359,590742455.0,0.04142938228369814,0.03615622583139988,0,0,0,0,0,1.0,0.5359,6.0,0.461
2024-11-24 08:00:00,0.5359,0.6819,0.5014,0.662,1688485425.0,0.044906147726605686,0.23530509423399892,0,0,0,0,0,1.0,0.662,6.0,0.461
2024-11-25 08:00:00,0.662,0.6944,0.5928,0.6551,1435945897.0,0.04632349403344054,-0.010422960725075536,0,0,0,0,0,2.0,0.6551,1.0,0.461
2024-11-26 08:00:00,0.6547,0.7047,0.6014,0.6944,1321392351.0,0.04774790668260453,0.05999084109296282,1,0,0,0,0,1.0,0.6944,6.0,0.6944
2024-11-27 08:00:00,0.6945,0.7145,0.6506,0.6744,735343265.0,0.04815170901553942,-0.02880184331797242,0,0,0,1,0,2.0,0.6744,1.0,0.6944
2024-11-28 08:00:00,0.6743,0.6747,0.6362,0.6602,385594944.0,0.04791041629015093,-0.021055753262158916,0,0,0,0,0,2.0,0.6602,1.0,0.6944
2024-11-29 08:00:00,0.6602,0.6796,0.6563,0.6749,307418742.0,0.04729515588289716,0.02226598000605895,0,0,0,0,0,1.0,0.6749,6.0,0.6944
2024-11-30 08:00:00,0.6748,0.6873,0.6558,0.6657,283493437.0,0.046900276985824725,-0.013631649133205026,0,0,0,0,0,2.0,0.6657,1.0,0.6944
2024-12-01 08:00:00,0.6657,0.6814,0.6337,0.6539,266361297.0,0.046920270061179103,-0.017725702268288956,0,0,0,0,0,2.0,0.6539,1.0,0.6944
2024-12-02 08:00:00,0.6539,0.6576,0.5916,0.6438,465068476.0,0.04739726330964963,-0.01544578681755615,0,1,0,0,0,2.0,0.6438,1.0,0.6438
2024-12-03 08:00:00,0.6438,0.6993,0.6184,0.6945,703140655.0,0.048234831726908386,0.07875116495806145,0,0,1,0,0,1.0,0.6945,6.0,0.6438
2024-12-04 08:00:00,0.6945,0.736,0.6702,0.6905,535427287.0,0.048673960933735674,-0.005759539236861011,0,0,0,0,0,2.0,0.6905,1.0,0.6438
2024-12-05 08:00:00,0.6905,0.7366,0.6408,0.7013,624533866.0,0.04985211191039228,0.01564083997103549,0,0,0,0,0,1.0,0.7013,6.0,0.6438
2024-12-06 08:00:00,0.7013,0.7174,0.6616,0.707,358686966.0,0.05000080911263247,0.008127762726365173,1,0,0,0,0,1.0,0.707,6.0,0.707
2024-12-07 08:00:00,0.707,0.7094,0.6791,0.6953,189116820.0,0.04950828888481666,-0.01654879773691642,0,0,0,1,0,2.0,0.6953,1.0,0.707
2024-12-08 08:00:00,0.6954,0.7061,0.664,0.6917,178637315.0,0.04932308166269624,-0.005177621170717739,0,0,0,0,0,2.0,0.6917,1.0,0.707
2024-12-09 08:00:00,0.6918,0.692,0.4876,0.5657,649393175.0,0.05320000462112884,-0.1821598959086309,0,0,0,0,0,2.0,0.5657,1.0,0.707
2024-12-10 08:00:00,0.5658,0.5761,0.5051,0.5498,531727132.0,0.05364500450560061,-0.028106770372989254,0,1,0,0,0,2.0,0.5498,1.0,0.5498
2024-12-11 08:00:00,0.5498,0.606,0.529,0.5995,265165224.0,0.054228879392960595,0.09039650782102604,0,0,1,0,0,1.0,0.5995,6.0,0.5498
2024-12-12 08:00:00,0.5995,0.6459,0.5951,0.6094,358294010.0,0.054143157408136584,0.016513761467889854,0,0,0,0,0,1.0,0.6094,6.0,0.5498
2024-12-13 08:00:00,0.6094,0.615,0.5814,0.6015,257798164.0,0.05362957847293317,-0.01296357072530363,0,0,0,0,0,2.0,0.6015,1.0,0.5498
2024-12-14 08:00:00,0.6015,0.6122,0.5596,0.5753,206076429.0,0.05360383901110984,-0.043557772236076486,0,0,0,0,0,2.0,0.5753,1.0,0.5498
2024-12-15 08:00:00,0.5752,0.5998,0.5555,0.5952,182910043.0,0.0533712430358321,0.03459064835737857,0,0,0,0,0,1.0,0.5952,6.0,0.5498
2024-12-16 08:00:00,0.5953,0.6125,0.5578,0.564,239190582.0,0.0534044619599363,-0.05241935483870974,0,0,0,0,0,2.0,0.564,1.0,0.5498
2024-12-17 08:00:00,0.5639,0.5716,0.526,0.5279,226901740.0,0.05320935041093789,-0.06400709219858136,0,0,0,0,0,2.0,0.5279,1.0,0.5498
2024-12-18 08:00:00,0.5279,0.5319,0.456,0.4734,468970794.0,0.053776616650664445,-0.10323924985792776,0,0,0,0,0,2.0,0.4734,1.0,0.5498
2024-12-19 08:00:00,0.4734,0.485,0.4163,0.4323,575413270.0,0.054149701234397836,-0.08681875792141946,0,0,0,0,0,2.0,0.4323,1.0,0.5498
2024-12-20 08:00:00,0.4324,0.4462,0.3713,0.441,520985150.0,0.05466845870353789,0.02012491325468413,0,0,0,0,0,1.0,0.441,6.0,0.5498
2024-12-21 08:00:00,0.4409,0.4799,0.4122,0.4211,335576596.0,0.054994247235949444,-0.04512471655328809,0,0,0,0,0,2.0,0.4211,1.0,0.5498
2024-12-22 08:00:00,0.4211,0.4375,0.4092,0.419,226647788.0,0.05432689105505071,-0.004986938969365973,0,1,0,0,0,2.0,0.419,1.0,0.419
2024-12-23 08:00:00,0.419,0.4652,0.4081,0.457,263646610.0,0.05439621877867444,0.09069212410501204,0,0,1,0,0,1.0,0.457,6.0,0.419
2024-12-24 08:00:00,0.4569,0.4785,0.4404,0.4697,196579774.0,0.05398881330920758,0.027789934354485846,1,0,0,0,0,1.0,0.4697,6.0,0.4697
2024-12-25 08:00:00,0.4696,0.4715,0.447,0.4546,133539779.0,0.05325159297647739,-0.03214817968916328,0,0,0,1,0,2.0,0.4546,1.0,0.4697
2024-12-26 08:00:00,0.4547,0.4608,0.413,0.4195,183422712.0,0.05311530315206546,-0.0772107347118346,0,0,0,0,0,2.0,0.4195,1.0,0.4697
2024-12-27 08:00:00,0.4195,0.44,0.4111,0.4156,194201749.0,0.05250992057326382,-0.00929678188319416,0,0,0,0,0,2.0,0.4156,1.0,0.4697
2024-12-28 08:00:00,0.4155,0.4316,0.4063,0.4261,113149136.0,0.05182967255893223,0.025264677574590833,0,0,0,0,0,1.0,0.4261,6.0,0.4697
2024-12-29 08:00:00,0.4262,0.431,0.4051,0.4103,104966729.0,0.05118143074495892,-0.03708049753578968,0,0,0,0,0,2.0,0.4103,1.0,0.4697
2024-12-30 08:00:00,0.4102,0.4274,0.3935,0.4035,196089610.0,0.05074939497633495,-0.016573239093346293,0,0,0,0,0,2.0,0.4035,1.0,0.4697
2024-12-31 08:00:00,0.4034,0.4145,0.3895,0.3964,141211643.0,0.050105660101926575,-0.01759603469640658,0,1,0,0,0,2.0,0.3964,1.0,0.3964
2025-01-01 08:00:00,0.3963,0.4243,0.3899,0.4205,137637252.0,0.04971301859937841,0.0607971745711402,0,0,1,0,0,1.0,0.4205,6.0,0.3964
2025-01-02 08:00:00,0.4205,0.4408,0.4205,0.4302,145898746.0,0.04897769313439395,0.02306777645659941,0,0,0,0,0,1.0,0.4302,6.0,0.3964
2025-01-03 08:00:00,0.4302,0.4607,0.4192,0.4576,174567473.0,0.0487907508060341,0.06369130636913067,0,0,0,0,0,1.0,0.4576,6.0,0.3964
2025-01-04 08:00:00,0.4576,0.48,0.4488,0.4707,237212853.0,0.04835098203588325,0.028627622377622286,1,0,0,0,0,1.0,0.4707,6.0,0.4707
2025-01-05 08:00:00,0.4707,0.471,0.4489,0.4582,168718738.0,0.047694707484986165,-0.026556192904185316,0,0,0,1,0,2.0,0.4582,1.0,0.4707
2025-01-06 08:00:00,0.4583,0.4789,0.4465,0.4643,225217523.0,0.04731233979786151,0.013312963771278996,0,0,0,0,0,1.0,0.4643,6.0,0.4707
2025-01-07 08:00:00,0.4642,0.4667,0.4131,0.4134,327257193.0,0.047469531302914966,-0.10962739608012062,0,0,0,0,0,2.0,0.4134,1.0,0.4707
2025-01-08 08:00:00,0.4135,0.4187,0.3721,0.3947,335690161.0,0.04744779302034209,-0.045234639574262214,0,0,0,0,0,2.0,0.3947,1.0,0.4707
2025-01-09 08:00:00,0.3946,0.4002,0.3663,0.3743,292774196.0,0.04710909819483354,-0.05168482391689888,0,0,0,0,0,2.0,0.3743,1.0,0.4707
2025-01-10 08:00:00,0.3742,0.3941,0.3725,0.3887,235593537.0,0.0464713707399627,0.03847181405289857,0,0,0,0,0,1.0,0.3887,6.0,0.4707
2025-01-11 08:00:00,0.3886,0.3957,0.3804,0.3887,113901762.0,0.04569208647146363,0.0,0,0,0,0,0,1.0,0.3887,6.0,0.4707
2025-01-12 08:00:00,0.3887,0.3933,0.3755,0.3823,126520983.0,0.044994784309677044,-0.016465140210959683,0,0,0,0,0,2.0,0.3823,1.0,0.4707
2025-01-13 08:00:00,0.3823,0.3922,0.3373,0.3641,443123551.0,0.045242414701935116,-0.04760659168192516,0,1,0,0,0,2.0,0.3641,1.0,0.3641
2025-01-14 08:00:00,0.3641,0.3824,0.3618,0.377,160036787.0,0.04462635433438674,0.03542982697061259,0,0,1,0,0,1.0,0.377,6.0,0.3641
2025-01-15 08:00:00,0.3771,0.407,0.3669,0.4056,240985316.0,0.04451319547602707,0.07586206896551717,0,0,0,0,0,1.0,0.4056,6.0,0.3641
2025-01-16 08:00:00,0.4055,0.4176,0.3908,0.4039,263263518.0,0.044070365589126394,-0.004191321499013911,0,0,0,0,0,2.0,0.4039,1.0,0.3641
2025-01-17 08:00:00,0.404,0.4281,0.4031,0.4236,198651942.0,0.043593606449398234,0.04877444912106954,1,0,0,0,0,1.0,0.4236,6.0,0.4236
2025-01-18 08:00:00,0.4236,0.4335,0.3837,0.3933,278566769.0,0.04374876628816328,-0.07152974504249288,0,0,0,1,1,2.0,0.3933,1.0,0.4236
2025-01-19 08:00:00,0.3932,0.4033,0.3402,0.3473,467012606.0,0.0442325471309592,-0.11695906432748537,0,0,0,0,0,2.0,0.3473,1.0,0.4236
2025-01-20 08:00:00,0.3473,0.3912,0.3318,0.3506,583086660.0,0.044611733452685216,0.009501871580765986,0,0,0,0,0,1.0,0.3506,6.0,0.4236
2025-01-21 08:00:00,0.3506,0.3721,0.334,0.3605,232797484.0,0.04444894011636809,0.028237307472903428,0,0,0,0,0,1.0,0.3605,6.0,0.4236
2025-01-22 08:00:00,0.3605,0.3621,0.3458,0.3472,152942771.0,0.043745216613458884,-0.03689320388349504,0,0,0,0,0,2.0,0.3472,1.0,0.4236
2025-01-23 08:00:00,0.3471,0.3533,0.3312,0.3419,260912014.0,0.04320408619812241,-0.015264976958525467,0,0,0,0,0,2.0,0.3419,1.0,0.4236
2025-01-24 08:00:00,0.342,0.3598,0.3283,0.3402,256658038.0,0.04291148404316935,-0.004972214097689331,0,0,0,0,0,2.0,0.3402,1.0,0.4236
2025-01-25 08:00:00,0.3402,0.3511,0.3337,0.3455,143848569.0,0.042273696942090114,0.015579071134626643,0,0,0,0,0,1.0,0.3455,6.0,0.4236
2025-01-26 08:00:00,0.3455,0.3607,0.3369,0.337,142975169.0,0.04181185451853786,-0.024602026049203918,0,0,0,0,0,2.0,0.337,1.0,0.4236
2025-01-27 08:00:00,0.3369,0.3378,0.2973,0.3179,452446955.0,0.041779058155574415,-0.05667655786350145,0,0,0,0,0,2.0,0.3179,1.0,0.4236
2025-01-28 08:00:00,0.3179,0.3212,0.2912,0.2943,187349568.0,0.04148458170168506,-0.07423718150361747,0,1,0,0,0,2.0,0.2943,1.0,0.2943
2025-01-29 08:00:00,0.2943,0.3184,0.2911,0.3054,279039140.0,0.04112996715914293,0.03771661569826712,0,0,1,0,0,1.0,0.3054,6.0,0.2943
2025-01-30 08:00:00,0.3054,0.3363,0.3025,0.3293,169326359.0,0.04094671798016436,0.07825802226588063,0,0,0,0,0,1.0,0.3293,6.0,0.2943
2025-01-31 08:00:00,0.3294,0.3473,0.3235,0.3326,208536053.0,0.04051805003066025,0.01002125721226843,1,0,0,0,0,1.0,0.3326,6.0,0.3326
2025-02-01 08:00:00,0.3326,0.3354,0.2967,0.299,164157495.0,0.040472598779893745,-0.10102224894768497,0,0,0,1,0,2.0,0.299,1.0,0.3326
2025-02-02 08:00:00,0.2989,0.3052,0.2411,0.2543,419132212.0,0.0410632838103964,-0.14949832775919725,0,0,0,0,0,2.0,0.2543,1.0,0.3326
2025-02-03 08:00:00,0.2543,0.2585,0.1879,0.2561,853916365.0,0.04180170171513649,0.007078254030672415,0,0,0,0,0,1.0,0.2561,6.0,0.3326
2025-02-04 08:00:00,0.2561,0.259,0.2298,0.2418,378584300.0,0.04148665917225808,-0.055837563451776706,0,0,0,0,0,2.0,0.2418,1.0,0.3326
2025-02-05 08:00:00,0.2419,0.2471,0.2293,0.2316,234877026.0,0.040894492692951624,-0.04218362282878407,0,0,0,0,0,2.0,0.2316,1.0,0.3326
2025-02-06 08:00:00,0.2316,0.2425,0.2156,0.2182,239859478.0,0.04054463037562783,-0.05785837651122627,0,0,0,0,0,2.0,0.2182,1.0,0.3326
2025-02-07 08:00:00,0.2182,0.2371,0.2101,0.2167,280094407.0,0.040206014616237136,-0.006874427131072447,0,1,0,0,0,2.0,0.2167,1.0,0.2167
2025-02-08 08:00:00,0.2167,0.2295,0.2139,0.2277,144474497.0,0.039590864250831206,0.050761421319797106,0,0,1,0,0,1.0,0.2277,6.0,0.2167
2025-02-09 08:00:00,0.2277,0.2328,0.2135,0.2248,199764099.0,0.039083592644560426,-0.01273605621431717,0,0,0,0,0,2.0,0.2248,1.0,0.2167
2025-02-10 08:00:00,0.2248,0.2371,0.2159,0.2331,177567644.0,0.03863650282844642,0.03692170818505347,0,0,0,0,0,1.0,0.2331,6.0,0.2167
2025-02-11 08:00:00,0.2331,0.2459,0.2242,0.2273,209960456.0,0.038213090257735255,-0.024882024882024845,0,0,0,0,0,2.0,0.2273,1.0,0.2167
2025-02-12 08:00:00,0.2273,0.2454,0.2158,0.2407,279246633.0,0.03799776300129187,0.05895292564892207,0,0,0,0,0,1.0,0.2407,6.0,0.2167
2025-02-13 08:00:00,0.2408,0.2452,0.2276,0.2335,175828621.0,0.037487818926259575,-0.02991275446614039,0,0,0,0,0,2.0,0.2335,1.0,0.2167
2025-02-14 08:00:00,0.2335,0.2501,0.2324,0.2426,171683268.0,0.036993123453103086,0.03897216274089943,1,0,0,0,0,1.0,0.2426,6.0,0.2426
2025-02-15 08:00:00,0.2425,0.2453,0.2354,0.2372,92699136.0,0.03631579536677551,-0.022258862324814555,0,0,0,1,0,2.0,0.2372,1.0,0.2426
2025-02-16 08:00:00,0.2371,0.2416,0.2312,0.233,106265898.0,0.035667900482606124,-0.01770657672849907,0,0,0,0,0,2.0,0.233,1.0,0.2426
2025-02-17 08:00:00,0.233,0.2409,0.2268,0.2306,184663400.0,0.03512870297054097,-0.010300429184549431,0,0,0,0,0,2.0,0.2306,1.0,0.2426
2025-02-18 08:00:00,0.2306,0.2314,0.214,0.2213,191010138.0,0.03468548539627745,-0.04032957502168255,0,1,0,0,0,2.0,0.2213,1.0,0.2213
2025-02-19 08:00:00,0.2214,0.238,0.2182,0.2314,244396280.0,0.034313348261370516,0.04563940352462725,0,0,1,0,0,1.0,0.2314,6.0,0.2213
2025-02-20 08:00:00,0.2313,0.2731,0.2289,0.2655,708260842.0,0.034560514554836254,0.1473638720829733,0,0,0,0,0,1.0,0.2655,6.0,0.2213
2025-02-21 08:00:00,0.2654,0.2852,0.2492,0.2552,780062953.0,0.03459650169096535,-0.03879472693032027,0,0,0,0,0,2.0,0.2552,1.0,0.2213
2025-02-22 08:00:00,0.2552,0.2904,0.2522,0.2789,602341493.0,0.034686589148691216,0.09286833855799381,0,0,0,0,0,1.0,0.2789,6.0,0.2213
2025-02-23 08:00:00,0.2788,0.2851,0.2685,0.2804,301126918.0,0.03423442441997394,0.0053782717820007875,1,0,0,0,0,1.0,0.2804,6.0,0.2804
2025-02-24 08:00:00,0.2804,0.292,0.2553,0.2673,985627897.0,0.034296063809474586,-0.04671897289586302,0,0,0,1,1,2.0,0.2673,1.0,0.2804
2025-02-25 08:00:00,0.2672,0.2846,0.2441,0.2764,1091612695.0,0.03445116221423772,0.03404414515525622,0,0,0,0,0,1.0,0.2764,6.0,0.2804
2025-02-26 08:00:00,0.2764,0.2885,0.2616,0.2697,600086479.0,0.034262383158881776,-0.02424023154848043,0,0,0,0,0,2.0,0.2697,1.0,0.2804
2025-02-27 08:00:00,0.2697,0.2736,0.2544,0.2572,372949342.0,0.033885823579909734,-0.046347793845012975,0,0,0,0,0,2.0,0.2572,1.0,0.2804
2025-02-28 08:00:00,0.2572,0.2577,0.2315,0.2501,478042279.0,0.03369367799041199,-0.02760497667185069,0,0,0,0,0,2.0,0.2501,1.0,0.2804
2025-03-01 08:00:00,0.25,0.26,0.2425,0.2481,276358462.0,0.033288836040651686,-0.007996801279488208,0,0,0,0,0,2.0,0.2481,1.0,0.2804
2025-03-02 08:00:00,0.2481,0.2744,0.2419,0.27,436083830.0,0.033269115139635395,0.08827085852478844,1,0,0,0,0,1.0,0.27,6.0,0.27
2025-03-03 08:00:00,0.27,0.2711,0.2256,0.2281,470032221.0,0.03357488726114451,-0.1551851851851852,0,0,0,1,0,2.0,0.2281,1.0,0.27
2025-03-04 08:00:00,0.228,0.2289,0.2033,0.2231,561299440.0,0.0333755150796159,-0.02192021043402015,0,0,0,0,0,2.0,0.2231,1.0,0.27
2025-03-05 08:00:00,0.2231,0.238,0.2189,0.2337,291090440.0,0.0330186272026255,0.04751232631107127,0,0,0,0,0,1.0,0.2337,6.0,0.27
2025-03-06 08:00:00,0.2338,0.2433,0.225,0.2252,385047300.0,0.03265066152255986,-0.03637141634574237,0,0,0,0,0,2.0,0.2252,1.0,0.27
2025-03-07 08:00:00,0.2251,0.2352,0.2125,0.2248,470064372.0,0.03240189498449587,-0.001776198934280715,0,0,0,0,0,2.0,0.2248,1.0,0.27
2025-03-08 08:00:00,0.2248,0.2272,0.2097,0.2146,271012806.0,0.03202934760988347,-0.04537366548042698,0,0,0,0,0,2.0,0.2146,1.0,0.27
2025-03-09 08:00:00,0.2145,0.2229,0.1971,0.201,484534066.0,0.03187361391963638,-0.06337371854613238,0,0,0,0,0,2.0,0.201,1.0,0.27
2025-03-10 08:00:00,0.201,0.2058,0.1781,0.1815,635281370.0,0.031769273571645475,-0.09701492537313439,0,1,0,0,0,2.0,0.1815,1.0,0.1815
2025-03-11 08:00:00,0.1814,0.1979,0.1717,0.1918,609728086.0,0.031630041732354335,0.0567493112947659,0,0,1,0,0,1.0,0.1918,6.0,0.1815
2025-03-12 08:00:00,0.1917,0.1952,0.1762,0.1882,578139627.0,0.031314290689045475,-0.018769551616266922,0,0,0,0,0,2.0,0.1882,1.0,0.1815
2025-03-13 08:00:00,0.1883,0.1952,0.181,0.189,467909805.0,0.030886433421819338,0.004250797024442088,0,0,0,0,0,2.0,0.1882,4.0,0.1815
2025-03-14 08:00:00,0.189,0.2069,0.1884,0.2036,399341167.0,0.030576772586273854,0.07724867724867734,0,0,0,0,0,1.0,0.2036,6.0,0.1815
2025-03-15 08:00:00,0.2036,0.2072,0.1971,0.2054,332615407.0,0.03006485327161701,0.008840864440078589,1,0,0,0,0,1.0,0.2054,6.0,0.2054
2025-03-16 08:00:00,0.2053,0.2068,0.1948,0.1966,305714291.0,0.029613231939826585,-0.04284323271665047,0,0,0,1,0,2.0,0.1966,1.0,0.2054
2025-03-17 08:00:00,0.1966,0.2034,0.1944,0.2001,194162775.0,0.02909790114133092,0.017802644964394654,0,0,0,0,0,1.0,0.2001,6.0,0.2054
2025-03-18 08:00:00,0.2001,0.2002,0.1906,0.1977,190685213.0,0.028610453612797647,-0.011994002998500841,0,0,0,0,0,2.0,0.1977,1.0,0.2054
2025-03-19 08:00:00,0.1978,0.2036,0.1956,0.2031,273904357.0,0.028095192272477705,0.027314112291350723,0,0,0,0,0,1.0,0.2031,6.0,0.2054
2025-03-20 08:00:00,0.2032,0.2045,0.192,0.1943,179178440.0,0.027705312465665762,-0.04332840965041851,0,0,0,0,0,2.0,0.1943,1.0,0.2054
2025-03-21 08:00:00,0.1943,0.1955,0.1868,0.191,173129383.0,0.02723017965402412,-0.016984045290787453,0,1,0,0,0,2.0,0.191,1.0,0.191
2025-03-22 08:00:00,0.1911,0.1972,0.19,0.1924,116979732.0,0.026729425162673515,0.007329842931937058,0,0,1,0,0,1.0,0.1924,6.0,0.191
2025-03-23 08:00:00,0.1924,0.1956,0.1904,0.1931,128091605.0,0.026191189533606676,0.0036382536382537634,0,0,0,0,0,1.0,0.1931,6.0,0.191
2025-03-24 08:00:00,0.193,0.2046,0.1896,0.2019,228003406.0,0.02591140979526651,0.04557224236147084,0,0,0,0,0,1.0,0.2019,6.0,0.191
2025-03-25 08:00:00,0.2019,0.2103,0.1981,0.208,243351888.0,0.025568624550384847,0.030212976721148976,0,0,0,0,0,1.0,0.208,6.0,0.191
2025-03-26 08:00:00,0.2079,0.218,0.2041,0.2084,233165198.0,0.025276908936625226,0.0019230769230769162,0,0,0,0,0,1.0,0.2084,6.0,0.191
2025-03-27 08:00:00,0.2084,0.2153,0.2069,0.2107,250602972.0,0.024854986213209595,0.011036468330134275,1,0,0,0,0,1.0,0.2107,6.0,0.2107
2025-03-28 08:00:00,0.2107,0.2112,0.1885,0.1922,301797962.0,0.024801111557879355,-0.08780256288561927,0,0,0,1,0,2.0,0.1922,1.0,0.2107
2025-03-29 08:00:00,0.1922,0.1932,0.1754,0.1795,265754828.0,0.02462608376893237,-0.06607700312174825,0,0,0,0,0,2.0,0.1795,1.0,0.2107
2025-03-30 08:00:00,0.1795,0.1828,0.1732,0.1752,194034594.0,0.02425043167470906,-0.02395543175487469,0,0,0,0,0,2.0,0.1752,1.0,0.2107
2025-03-31 08:00:00,0.1752,0.1756,0.1672,0.1722,297969927.0,0.023854170882841332,-0.017123287671232945,0,0,0,0,0,2.0,0.1722,1.0,0.2107
2025-04-01 08:00:00,0.1721,0.1791,0.1712,0.1762,329760063.0,0.0234553166107703,0.023228803716608626,0,0,0,0,0,1.0,0.1762,6.0,0.2107
2025-04-02 08:00:00,0.1762,0.1791,0.1591,0.164,329935819.0,0.023368933695501044,-0.0692395005675368,0,0,0,0,0,2.0,0.164,1.0,0.2107
2025-04-03 08:00:00,0.1639,0.1684,0.1572,0.1649,240658121.0,0.023064710353113516,0.005487804878048674,0,0,0,0,0,1.0,0.1649,6.0,0.2107
2025-04-04 08:00:00,0.1649,0.1658,0.1621,0.1639,17625608.0,0.02258059259428568,-0.006064281382656134,0,1,0,0,0,2.0,0.1639,1.0,0.1639
