date,symbol,open,high,low,close,volume,market_cap,daily_return,sp500,treasury_spread,fear_greed,gold_price_usd
2022-03-24,LRC/USDT,1.1697,1.202,1.0389,1.081,151827886.0,164125944.766,-0.022386679000925,4520.16,0.21,40.0,1856.3
2022-03-25,LRC/USDT,1.081,1.1848,1.0298,1.0568,92777829.0,98047609.6872,-0.022386679000925,4543.06,0.18,47.0,1856.3
2022-03-26,LRC/USDT,1.057,1.1759,1.0424,1.0652,90755089.0,96672320.8028,0.0079485238455714,4543.06,0.18,51.0,1856.3
2022-03-27,LRC/USDT,1.0651,1.1455,1.04,1.1049,89185931.0,98541535.1619,0.0372699962448366,4543.06,0.18,49.0,1856.3
2022-03-28,LRC/USDT,1.1047,1.2781,1.0742,1.1294,182241160.0,205823166.104,0.0221739523938817,4575.52,0.11,60.0,1856.3
2022-03-29,LRC/USDT,1.1295,1.362,1.1262,1.2846,187522327.0,240891181.2642,0.1374180981051886,4631.6,0.06,56.0,1856.3
2022-03-30,LRC/USDT,1.2843,1.327,1.2116,1.2699,84454679.0,107248996.8621,-0.0114432508173749,4602.45,0.04,55.0,1856.3
2022-03-31,LRC/USDT,1.2699,1.34,1.1351,1.1648,96378309.0,112261454.3232,-0.0827624222379714,4530.41,0.04,52.0,1947.8
2022-04-01,LRC/USDT,1.1645,1.227,1.0982,1.1866,64248330.0,76237068.378,0.0187156593406594,4545.86,-0.05,50.0,1947.8
2022-04-02,LRC/USDT,1.1868,1.2299,1.1354,1.1392,38042991.0,43338575.3472,-0.0399460643856397,4545.86,-0.05,52.0,1947.8
2022-04-03,LRC/USDT,1.1391,1.2037,1.1146,1.1867,29080672.0,34510033.462400004,0.0416959269662922,4545.86,-0.05,48.0,1947.8
2022-04-04,LRC/USDT,1.1867,1.1869,1.0785,1.1412,29830880.0,34043000.256,-0.0383416196174265,4582.64,-0.01,52.0,1947.8
2022-04-05,LRC/USDT,1.1409,1.195,1.1011,1.1046,34518344.0,38128962.782400005,-0.0320715036803365,4525.12,0.03,53.0,1947.8
2022-04-06,LRC/USDT,1.1047,1.1081,0.9629,0.9668,41795340.0,40407734.712,-0.124751041100851,4481.15,0.11,48.0,1947.8
2022-03-24,XRP/USDT,0.8376,0.85,0.8272,0.8428,282122073.0,237772483.1244,-0.0224252491694352,4520.16,0.21,40.0,1856.3
2022-03-25,XRP/USDT,0.8428,0.8459,0.8185,0.8239,214450998.0,176686177.2522,-0.0224252491694352,4543.06,0.18,47.0,1856.3
2022-03-26,XRP/USDT,0.8239,0.8349,0.8206,0.8327,122433652.0,101950502.0204,0.0106809078771696,4543.06,0.18,51.0,1856.3
2022-03-27,XRP/USDT,0.8326,0.8582,0.8275,0.858,198619688.0,170415692.304,0.0303830911492735,4543.06,0.18,49.0,1856.3
2022-03-28,XRP/USDT,0.8579,0.93,0.8528,0.8641,479199201.0,414076029.5841,0.0071095571095571,4575.52,0.11,60.0,1856.3
2022-03-29,XRP/USDT,0.864,0.8857,0.8389,0.8577,264756291.0,227081470.7907,-0.0074065501678045,4631.6,0.06,56.0,1856.3
2022-03-30,XRP/USDT,0.8576,0.8718,0.8455,0.8613,201046259.0,173161142.87669998,0.0041972717733471,4602.45,0.04,55.0,1856.3
2022-03-31,XRP/USDT,0.8613,0.8737,0.7794,0.8148,366939277.0,298982122.8996,-0.0539881574364332,4530.41,0.04,52.0,1947.8
2022-04-01,XRP/USDT,0.8149,0.8343,0.807,0.8277,254001232.0,210236819.7264,0.0158321060382915,4545.86,-0.05,50.0,1947.8
2022-04-02,XRP/USDT,0.8277,0.8499,0.8185,0.824,210041825.0,173074463.79999998,-0.0044702186782651,4545.86,-0.05,52.0,1947.8
2022-04-03,XRP/USDT,0.824,0.8519,0.8143,0.8432,159520162.0,134507400.5984,0.0233009708737863,4545.86,-0.05,48.0,1947.8
2022-04-04,XRP/USDT,0.8432,0.844,0.8041,0.826,216740017.0,179027254.042,-0.0203984819734345,4582.64,-0.01,52.0,1947.8
2022-04-05,XRP/USDT,0.8261,0.8366,0.8145,0.8164,174779509.0,142689991.1476,-0.0116222760290556,4525.12,0.03,53.0,1947.8
2022-04-06,XRP/USDT,0.8164,0.8184,0.7555,0.7595,348686323.0,264827262.3185,-0.0696962273395395,4481.15,0.11,48.0,1947.8
2022-03-24,CHR/USDT,0.4699,0.4906,0.451,0.4756,44144695.0,20995216.942,-0.0382674516400337,4520.16,0.21,40.0,1856.3
2022-03-25,CHR/USDT,0.4756,0.4843,0.4407,0.4574,31728074.0,14512421.0476,-0.0382674516400337,4543.06,0.18,47.0,1856.3
2022-03-26,CHR/USDT,0.457,0.4659,0.4498,0.4598,20836362.0,9580559.2476,0.0052470485351989,4543.06,0.18,51.0,1856.3
2022-03-27,CHR/USDT,0.4598,0.4899,0.4409,0.4865,36224652.0,17623293.198,0.0580687255328402,4543.06,0.18,49.0,1856.3
2022-03-28,CHR/USDT,0.4866,0.5621,0.4824,0.5127,93048610.0,47706022.347,0.0538540596094554,4575.52,0.11,60.0,1856.3
2022-03-29,CHR/USDT,0.513,0.5823,0.5058,0.5513,78554427.0,43307055.6051,0.0752876926077628,4631.6,0.06,56.0,1856.3
2022-03-30,CHR/USDT,0.551,0.5851,0.5242,0.5508,62330332.0,34331546.8656,-0.0009069472156721,4602.45,0.04,55.0,1856.3
2022-03-31,CHR/USDT,0.5511,0.5753,0.5011,0.5211,46828490.0,24402326.139,-0.0539215686274509,4530.41,0.04,52.0,1947.8
2022-04-01,CHR/USDT,0.5206,0.5688,0.4961,0.5495,42196235.0,23186831.1325,0.054500095950873,4545.86,-0.05,50.0,1947.8
2022-04-02,CHR/USDT,0.5495,0.6844,0.5431,0.5877,153866542.0,90427366.7334,0.0695177434030938,4545.86,-0.05,52.0,1947.8
2022-04-03,CHR/USDT,0.5877,0.6633,0.5738,0.6125,63768944.0,39058478.2,0.0421984005444955,4545.86,-0.05,48.0,1947.8
2022-04-04,CHR/USDT,0.6132,0.655,0.5829,0.6453,80550446.0,51979202.8038,0.053551020408163,4582.64,-0.01,52.0,1947.8
2022-04-05,CHR/USDT,0.645,0.6487,0.5749,0.5805,54283465.0,31511551.4325,-0.1004184100418409,4525.12,0.03,53.0,1947.8
2022-04-06,CHR/USDT,0.581,0.5813,0.4913,0.4945,66999236.0,33131122.202,-0.1481481481481481,4481.15,0.11,48.0,1947.8
2022-03-24,RVN/USDT,0.06292,0.06531,0.05999,0.06456,150838569.2,9738138.027552,-0.0593246592317224,4520.16,0.21,40.0,1856.3
2022-03-25,RVN/USDT,0.06458,0.06497,0.05911,0.06073,111207315.1,6753620.246022999,-0.0593246592317224,4543.06,0.18,47.0,1856.3
2022-03-26,RVN/USDT,0.06073,0.06963,0.05994,0.06628,241980960.4,16038498.055312002,0.0913881113123662,4543.06,0.18,51.0,1856.3
2022-03-27,RVN/USDT,0.06626,0.07412,0.0647,0.07264,513773605.4,37320514.696256,0.0959565479782738,4543.06,0.18,49.0,1856.3
2022-03-28,RVN/USDT,0.07263,0.07523,0.06691,0.0682,235589840.9,16067227.14938,-0.061123348017621,4575.52,0.11,60.0,1856.3
2022-03-29,RVN/USDT,0.06825,0.07449,0.06688,0.06917,226536620.1,15669538.012316998,0.0142228739002931,4631.6,0.06,56.0,1856.3
2022-03-30,RVN/USDT,0.06915,0.07194,0.06656,0.07011,142671840.2,10002722.716422,0.0135897065201677,4602.45,0.04,55.0,1856.3
2022-03-31,RVN/USDT,0.0701,0.07654,0.06759,0.06956,361321236.6,25133505.217896,-0.0078448152902582,4530.41,0.04,52.0,1947.8
2022-04-01,RVN/USDT,0.06953,0.07376,0.06566,0.07308,220834980.9,16138620.404172,0.0506037952846465,4545.86,-0.05,50.0,1947.8
2022-04-02,RVN/USDT,0.07308,0.0757,0.0705,0.07085,203225766.2,14398545.535269998,-0.0305145046524357,4545.86,-0.05,52.0,1947.8
2022-04-03,RVN/USDT,0.07094,0.07379,0.06968,0.07305,98360577.5,7185240.1863750005,0.0310515172900494,4545.86,-0.05,48.0,1947.8
2022-04-04,RVN/USDT,0.07304,0.07317,0.0666,0.0697,129446922.1,9022450.47037,-0.0458590006844628,4582.64,-0.01,52.0,1947.8
2022-04-05,RVN/USDT,0.06974,0.072,0.06743,0.06783,124457188.3,8441931.082389,-0.0268292682926828,4525.12,0.03,53.0,1947.8
2022-04-06,RVN/USDT,0.06779,0.06794,0.05881,0.05914,233859962.3,13830478.170422,-0.1281144036561994,4481.15,0.11,48.0,1947.8
2022-03-24,NKN/USDT,0.221,0.2496,0.2187,0.2335,24537491.0,5729504.1485,-0.0304068522483941,4520.16,0.21,40.0,1856.3
2022-03-25,NKN/USDT,0.2335,0.2398,0.2218,0.2264,8415535.0,1905277.124,-0.0304068522483941,4543.06,0.18,47.0,1856.3
2022-03-26,NKN/USDT,0.2267,0.236,0.2249,0.2325,4758420.0,1106332.65,0.0269434628975266,4543.06,0.18,51.0,1856.3
2022-03-27,NKN/USDT,0.2324,0.2493,0.2284,0.2493,23313181.0,5811976.0233,0.072258064516129,4543.06,0.18,49.0,1856.3
2022-03-28,NKN/USDT,0.2492,0.2908,0.2458,0.2512,46111772.0,11583277.1264,0.0076213397513036,4575.52,0.11,60.0,1856.3
2022-03-29,NKN/USDT,0.2513,0.2827,0.2501,0.2712,29444202.0,7985267.5824,0.0796178343949045,4631.6,0.06,56.0,1856.3
2022-03-30,NKN/USDT,0.2712,0.2844,0.2581,0.2725,17943289.0,4889546.2525,0.0047935103244838,4602.45,0.04,55.0,1856.3
2022-03-31,NKN/USDT,0.2724,0.3,0.2569,0.2674,26461702.0,7075859.114800001,-0.0187155963302751,4530.41,0.04,52.0,1947.8
2022-04-01,NKN/USDT,0.2676,0.2807,0.2531,0.2723,16307697.0,4440585.8931,0.0183246073298428,4545.86,-0.05,50.0,1947.8
2022-04-02,NKN/USDT,0.2724,0.3413,0.2706,0.29,67942292.0,19703264.68,0.0650018362100623,4545.86,-0.05,52.0,1947.8
2022-04-03,NKN/USDT,0.2898,0.3265,0.288,0.3093,62127956.0,19216176.7908,0.0665517241379312,4545.86,-0.05,48.0,1947.8
2022-04-04,NKN/USDT,0.3093,0.3206,0.2755,0.2938,22277076.0,6545004.9288,-0.0501131587455545,4582.64,-0.01,52.0,1947.8
2022-04-05,NKN/USDT,0.294,0.3029,0.2788,0.2808,10624179.0,2983269.4632,-0.0442477876106195,4525.12,0.03,53.0,1947.8
2022-04-06,NKN/USDT,0.2805,0.2817,0.2331,0.2341,21714487.0,5083361.4067,-0.1663105413105412,4481.15,0.11,48.0,1947.8
2022-03-24,CTXC/USDT,0.253,0.2575,0.251,0.2545,7573542.0,1927466.439,-0.0066797642436148,4520.16,0.21,40.0,1856.3
2022-03-25,CTXC/USDT,0.2545,0.267,0.2506,0.2528,10929816.0,2763057.4848,-0.0066797642436148,4543.06,0.18,47.0,1856.3
2022-03-26,CTXC/USDT,0.2528,0.2755,0.2512,0.2629,11323581.0,2976969.4449000005,0.0399525316455695,4543.06,0.18,51.0,1856.3
2022-03-27,CTXC/USDT,0.263,0.2699,0.2584,0.2689,9841599.0,2646405.9711,0.0228223659185999,4543.06,0.18,49.0,1856.3
2022-03-28,CTXC/USDT,0.2688,0.3093,0.2641,0.275,40215351.0,11059221.525,0.0226850130159912,4575.52,0.11,60.0,1856.3
2022-03-29,CTXC/USDT,0.2753,0.2906,0.2702,0.2775,15519621.0,4306694.827500001,0.009090909090909,4631.6,0.06,56.0,1856.3
2022-03-30,CTXC/USDT,0.2775,0.2807,0.2695,0.2753,9927896.0,2733149.7688,-0.007927927927928,4602.45,0.04,55.0,1856.3
2022-03-31,CTXC/USDT,0.2753,0.2847,0.2583,0.2602,13667998.0,3556413.0796,-0.0548492553577915,4530.41,0.04,52.0,1947.8
2022-04-01,CTXC/USDT,0.2603,0.2774,0.2538,0.2706,15013502.0,4062653.6412,0.0399692544196772,4545.86,-0.05,50.0,1947.8
2022-04-02,CTXC/USDT,0.2706,0.3588,0.2677,0.3102,72738512.0,22563486.4224,0.146341463414634,4545.86,-0.05,52.0,1947.8
2022-04-03,CTXC/USDT,0.3106,0.3214,0.2889,0.2925,35759898.0,10459770.165,-0.0570599613152804,4545.86,-0.05,48.0,1947.8
2022-04-04,CTXC/USDT,0.2925,0.433,0.2855,0.3805,264553024.0,100662425.632,0.3008547008547009,4582.64,-0.01,52.0,1947.8
2022-04-05,CTXC/USDT,0.3801,0.45,0.3141,0.3192,190122109.0,60686977.1928,-0.1611038107752956,4525.12,0.03,53.0,1947.8
2022-04-06,CTXC/USDT,0.3192,0.3193,0.2726,0.2732,30783986.0,8410184.9752,-0.1441102756892229,4481.15,0.11,48.0,1947.8
2022-03-24,USDC/USDT,0.9995,0.9997,0.9991,0.9995,241881669.0,241760728.1655,0.0001000500250125,4520.16,0.21,40.0,1856.3
2022-03-25,USDC/USDT,0.9995,0.9996,0.9991,0.9996,201942376.0,201861599.0496,0.0001000500250125,4543.06,0.18,47.0,1856.3
2022-03-26,USDC/USDT,0.9996,0.9997,0.9994,0.9995,106779847.0,106726457.0765,-0.0001000400160063,4543.06,0.18,51.0,1856.3
2022-03-27,USDC/USDT,0.9995,0.9997,0.9995,0.9997,145317746.0,145274150.6762,0.0002001000500249,4543.06,0.18,49.0,1856.3
2022-03-28,USDC/USDT,0.9996,0.9999,0.9994,0.9995,269891209.0,269756263.3955,-0.0002000600180054,4575.52,0.11,60.0,1856.3
2022-03-29,USDC/USDT,0.9995,0.9997,0.9995,0.9996,190061686.0,189985661.3256,0.0001000500250125,4631.6,0.06,56.0,1856.3
2022-03-30,USDC/USDT,0.9996,1.0,0.9995,0.9997,220270630.0,220204548.811,0.0001000400160064,4602.45,0.04,55.0,1856.3
2022-03-31,USDC/USDT,0.9997,0.9999,0.9995,0.9998,231219270.0,231173026.146,0.0001000300090026,4530.41,0.04,52.0,1947.8
2022-04-01,USDC/USDT,0.9997,0.9998,0.9995,0.9997,199998066.0,199938066.5802,-0.0001000200040007,4545.86,-0.05,50.0,1947.8
2022-04-02,USDC/USDT,0.9996,0.9998,0.9996,0.9997,139799360.0,139757420.192,0.0,4545.86,-0.05,52.0,1947.8
2022-04-03,USDC/USDT,0.9997,0.9998,0.9996,0.9997,127597200.0,127558920.84,0.0,4545.86,-0.05,48.0,1947.8
2022-04-04,USDC/USDT,0.9998,1.0,0.9997,0.9998,190334582.0,190296515.0836,0.0001000300090026,4582.64,-0.01,52.0,1947.8
2022-04-05,USDC/USDT,0.9998,0.9999,0.9997,0.9999,200385668.0,200365629.4332,0.0001000200040008,4525.12,0.03,53.0,1947.8
2022-04-06,USDC/USDT,0.9999,1.0001,0.9996,0.9999,284721222.0,284692749.8778,0.0,4481.15,0.11,48.0,1947.8
2022-03-24,XLM/USDT,0.2095,0.2167,0.2064,0.2149,88331341.0,18982405.1809,-0.0172173103769195,4520.16,0.21,40.0,1856.3
2022-03-25,XLM/USDT,0.2149,0.2206,0.2101,0.2112,101528533.0,21442826.1696,-0.0172173103769195,4543.06,0.18,47.0,1856.3
2022-03-26,XLM/USDT,0.2112,0.2158,0.209,0.2157,41830366.0,9022809.9462,0.0213068181818181,4543.06,0.18,51.0,1856.3
2022-03-27,XLM/USDT,0.2157,0.2315,0.2144,0.2297,93631971.0,21507263.7387,0.0649049605934166,4543.06,0.18,49.0,1856.3
2022-03-28,XLM/USDT,0.2297,0.2412,0.2279,0.2298,162990916.0,37455312.4968,0.0004353504571179,4575.52,0.11,60.0,1856.3
2022-03-29,XLM/USDT,0.2296,0.2397,0.2286,0.2331,105823792.0,24667525.9152,0.0143603133159269,4631.6,0.06,56.0,1856.3
2022-03-30,XLM/USDT,0.2332,0.2375,0.2262,0.2347,104708039.0,24574976.7533,0.0068640068640069,4602.45,0.04,55.0,1856.3
2022-03-31,XLM/USDT,0.2347,0.2417,0.2261,0.2283,158407090.0,36164338.647,-0.0272688538559863,4530.41,0.04,52.0,1947.8
2022-04-01,XLM/USDT,0.2282,0.2328,0.221,0.2325,111618785.0,25951367.512500003,0.0183968462549277,4545.86,-0.05,50.0,1947.8
2022-04-02,XLM/USDT,0.2325,0.2404,0.2301,0.2331,88177287.0,20554125.5997,0.0025806451612901,4545.86,-0.05,52.0,1947.8
2022-04-03,XLM/USDT,0.2331,0.2383,0.2302,0.237,58098619.0,13769372.703,0.0167310167310166,4545.86,-0.05,48.0,1947.8
2022-04-04,XLM/USDT,0.2371,0.2371,0.2265,0.2319,77806493.0,18043325.7267,-0.0215189873417721,4582.64,-0.01,52.0,1947.8
2022-04-05,XLM/USDT,0.2319,0.2341,0.2237,0.2248,62286265.0,14001952.372,-0.0306166451056489,4525.12,0.03,53.0,1947.8
2022-04-06,XLM/USDT,0.2248,0.2254,0.2021,0.2031,100822459.0,20477041.4229,-0.0965302491103202,4481.15,0.11,48.0,1947.8
2022-03-24,STPT/USDT,0.09239,0.09593,0.09095,0.09519,7499351.4,713863.259766,-0.0138670028364323,4520.16,0.21,40.0,1856.3
2022-03-25,STPT/USDT,0.0952,0.09558,0.0924,0.09387,5993435.4,562603.7809980001,-0.0138670028364323,4543.06,0.18,47.0,1856.3
2022-03-26,STPT/USDT,0.09405,0.09957,0.09254,0.09905,5988113.7,593122.661985,0.0551826994780015,4543.06,0.18,51.0,1856.3
2022-03-27,STPT/USDT,0.09906,0.11111,0.09704,0.10354,41993790.8,4348037.099431999,0.0453306410903584,4543.06,0.18,49.0,1856.3
2022-03-28,STPT/USDT,0.10374,0.10921,0.102,0.10511,16846159.0,1770699.77249,0.0151632219432102,4575.52,0.11,60.0,1856.3
2022-03-29,STPT/USDT,0.10478,0.10838,0.10206,0.10483,6958219.5,729430.150185,-0.0026638759394918,4631.6,0.06,56.0,1856.3
2022-03-30,STPT/USDT,0.10473,0.11281,0.1015,0.11167,11225632.3,1253566.3589410002,0.0652484975674903,4602.45,0.04,55.0,1856.3
2022-03-31,STPT/USDT,0.11168,0.1249,0.10811,0.11704,52730060.4,6171526.269216,0.0480881167726336,4530.41,0.04,52.0,1947.8
2022-04-01,STPT/USDT,0.11687,0.12148,0.1091,0.11715,14592888.7,1709556.911205,0.0009398496240602,4545.86,-0.05,50.0,1947.8
2022-04-02,STPT/USDT,0.11716,0.12189,0.1149,0.11858,8528569.1,1011317.723878,0.0122065727699529,4545.86,-0.05,52.0,1947.8
2022-04-03,STPT/USDT,0.11865,0.11907,0.11048,0.1127,8461565.9,953618.47693,-0.0495867768595041,4545.86,-0.05,48.0,1947.8
2022-04-04,STPT/USDT,0.11251,0.11251,0.10115,0.10496,10324023.3,1083609.485568,-0.0686779059449866,4582.64,-0.01,52.0,1947.8
2022-04-05,STPT/USDT,0.10495,0.10654,0.10211,0.10305,5459370.1,562588.088805,-0.0181974085365853,4525.12,0.03,53.0,1947.8
2022-04-06,STPT/USDT,0.10302,0.10307,0.09387,0.09623,7587215.2,730117.7186959999,-0.0661814653081028,4481.15,0.11,48.0,1947.8
2022-03-24,STX/USDT,1.339,1.386,1.328,1.369,3389178.5,4639785.3665,-0.0189919649379108,4520.16,0.21,40.0,1856.3
2022-03-25,STX/USDT,1.369,1.399,1.325,1.343,2479747.7,3330301.1611,-0.0189919649379108,4543.06,0.18,47.0,1856.3
2022-03-26,STX/USDT,1.344,1.369,1.333,1.36,1236459.9,1681585.464,0.0126582278481013,4543.06,0.18,51.0,1856.3
2022-03-27,STX/USDT,1.36,1.449,1.352,1.445,3866747.8,5587450.571,0.0625,4543.06,0.18,49.0,1856.3
2022-03-28,STX/USDT,1.444,1.517,1.415,1.419,4454284.0,6320628.996,-0.0179930795847751,4575.52,0.11,60.0,1856.3
2022-03-29,STX/USDT,1.418,1.52,1.413,1.451,3573412.8,5185021.9728,0.0225510923185341,4631.6,0.06,56.0,1856.3
2022-03-30,STX/USDT,1.45,1.559,1.411,1.515,4410472.3,6681865.534499999,0.0441075120606477,4602.45,0.04,55.0,1856.3
2022-03-31,STX/USDT,1.515,1.573,1.425,1.439,3216083.4,4627944.0126,-0.05016501650165,4530.41,0.04,52.0,1947.8
2022-04-01,STX/USDT,1.438,1.467,1.383,1.461,2080014.7,3038901.4767,0.0152883947185544,4545.86,-0.05,50.0,1947.8
2022-04-02,STX/USDT,1.461,1.554,1.456,1.488,4275048.4,6361272.019200001,0.0184804928131416,4545.86,-0.05,52.0,1947.8
2022-04-03,STX/USDT,1.488,1.575,1.472,1.53,3007423.5,4601357.955,0.0282258064516129,4545.86,-0.05,48.0,1947.8
2022-04-04,STX/USDT,1.531,1.538,1.402,1.456,2067581.2,3010398.2272,-0.0483660130718954,4582.64,-0.01,52.0,1947.8
2022-04-05,STX/USDT,1.457,1.477,1.401,1.403,1776240.6,2492065.5618000003,-0.0364010989010988,4525.12,0.03,53.0,1947.8
2022-04-06,STX/USDT,1.404,1.404,1.254,1.258,3596309.3,4524157.0994,-0.1033499643620812,4481.15,0.11,48.0,1947.8
2022-03-24,ZEN/USDT,45.54,45.92,43.62,45.32,102616.41,4650575.7012,-0.0130185348631951,4520.16,0.21,40.0,1856.3
2022-03-25,ZEN/USDT,45.32,47.02,43.73,44.73,161819.34,7238179.078199999,-0.0130185348631951,4543.06,0.18,47.0,1856.3
2022-03-26,ZEN/USDT,44.75,47.08,43.87,46.77,132251.01,6185379.7377,0.0456069751844401,4543.06,0.18,51.0,1856.3
2022-03-27,ZEN/USDT,46.77,52.3,46.52,50.03,264741.26,13245005.2378,0.0697028009407738,4543.06,0.18,49.0,1856.3
2022-03-28,ZEN/USDT,50.09,51.53,47.05,47.73,154052.71,7352935.848299999,-0.04597241655007,4575.52,0.11,60.0,1856.3
2022-03-29,ZEN/USDT,47.71,50.37,47.12,49.07,117561.94,5768764.3958,0.0280745862141211,4631.6,0.06,56.0,1856.3
2022-03-30,ZEN/USDT,49.12,50.95,47.14,50.13,103674.16,5197185.6408,0.0216017933564296,4602.45,0.04,55.0,1856.3
2022-03-31,ZEN/USDT,50.13,53.3,47.68,48.9,176424.84,8627174.675999999,-0.0245362058647516,4530.41,0.04,52.0,1947.8
2022-04-01,ZEN/USDT,48.84,51.7,46.12,51.35,190210.15,9767291.2025,0.0501022494887526,4545.86,-0.05,50.0,1947.8
2022-04-02,ZEN/USDT,51.34,52.97,48.25,48.48,204688.82,9923313.9936,-0.0558909444985394,4545.86,-0.05,52.0,1947.8
2022-04-03,ZEN/USDT,48.49,50.31,47.23,49.53,150271.19,7442932.040700001,0.0216584158415842,4545.86,-0.05,48.0,1947.8
2022-04-04,ZEN/USDT,49.53,50.96,46.5,48.97,211578.52,10361000.1244,-0.0113062790228144,4582.64,-0.01,52.0,1947.8
2022-04-05,ZEN/USDT,49.0,49.73,45.71,46.03,111638.64,5138726.5992,-0.0600367571982846,4525.12,0.03,53.0,1947.8
2022-04-06,ZEN/USDT,46.0,46.31,41.11,41.3,223361.19,9224817.147,-0.1027590701716273,4481.15,0.11,48.0,1947.8
2022-03-24,DCR/USDT,59.4,61.0,57.6,58.7,11172.269,655812.1903,0.0221465076660987,4520.16,0.21,40.0,1856.3
2022-03-25,DCR/USDT,58.7,60.7,58.1,60.0,7347.291,440837.46,0.0221465076660987,4543.06,0.18,47.0,1856.3
2022-03-26,DCR/USDT,60.2,61.3,59.7,61.2,5522.349,337967.7588,0.02,4543.06,0.18,51.0,1856.3
2022-03-27,DCR/USDT,61.3,65.2,60.4,65.1,13463.45,876470.595,0.0637254901960782,4543.06,0.18,49.0,1856.3
2022-03-28,DCR/USDT,65.0,67.5,64.4,64.4,10847.072,698551.4368,-0.0107526881720428,4575.52,0.11,60.0,1856.3
2022-03-29,DCR/USDT,64.5,67.3,64.1,66.6,10157.528,676491.3648,0.0341614906832297,4631.6,0.06,56.0,1856.3
2022-03-30,DCR/USDT,66.6,67.4,64.1,65.0,9703.06,630698.9,-0.0240240240240239,4602.45,0.04,55.0,1856.3
2022-03-31,DCR/USDT,65.0,66.4,61.2,62.0,12519.113,776185.0059999999,-0.0461538461538461,4530.41,0.04,52.0,1947.8
2022-04-01,DCR/USDT,62.2,65.0,60.1,63.6,9466.634,602077.9224,0.0258064516129032,4545.86,-0.05,50.0,1947.8
2022-04-02,DCR/USDT,63.6,65.5,63.5,64.4,5744.894,369971.1736,0.0125786163522012,4545.86,-0.05,52.0,1947.8
2022-04-03,DCR/USDT,64.3,66.1,63.2,65.3,6422.811,419409.5583,0.0139751552795028,4545.86,-0.05,48.0,1947.8
2022-04-04,DCR/USDT,65.5,65.9,61.9,64.3,9895.161,636258.8523,-0.0153139356814701,4582.64,-0.01,52.0,1947.8
2022-04-05,DCR/USDT,64.3,66.0,61.9,62.0,6724.1,416894.2,-0.035769828926905,4525.12,0.03,53.0,1947.8
2022-04-06,DCR/USDT,62.0,62.6,58.5,58.7,8198.261,481237.9207000001,-0.0532258064516129,4481.15,0.11,48.0,1947.8
2022-03-24,ANKR/USDT,0.07616,0.08047,0.07603,0.08004,91763918.2,7344784.012728,-0.0122438780609694,4520.16,0.21,40.0,1856.3
2022-03-25,ANKR/USDT,0.08003,0.0834,0.07766,0.07906,115149554.8,9103723.802488,-0.0122438780609694,4543.06,0.18,47.0,1856.3
2022-03-26,ANKR/USDT,0.07904,0.08827,0.07776,0.08552,140411988.7,12008033.273624,0.0817100935997976,4543.06,0.18,51.0,1856.3
2022-03-27,ANKR/USDT,0.08549,0.08823,0.0823,0.08781,110945808.4,9742151.435604,0.02677736202058,4543.06,0.18,49.0,1856.3
2022-03-28,ANKR/USDT,0.08774,0.09,0.08338,0.08489,102003244.0,8659055.383159999,-0.0332536157613029,4575.52,0.11,60.0,1856.3
2022-03-29,ANKR/USDT,0.08503,0.09077,0.08454,0.08751,106381152.8,9309414.681528,0.0308634703734245,4631.6,0.06,56.0,1856.3
2022-03-30,ANKR/USDT,0.08751,0.098,0.08399,0.09277,209407964.3,19426776.848111004,0.0601074162952806,4602.45,0.04,55.0,1856.3
2022-03-31,ANKR/USDT,0.0928,0.09811,0.08763,0.09517,356066448.9,33886843.941813,0.0258704322518055,4530.41,0.04,52.0,1947.8
2022-04-01,ANKR/USDT,0.09518,0.09699,0.08857,0.09528,165508004.2,15769602.640176,0.0011558264158872,4545.86,-0.05,50.0,1947.8
2022-04-02,ANKR/USDT,0.0953,0.10295,0.09423,0.09671,177771317.9,17192264.154109,0.0150083963056255,4545.86,-0.05,52.0,1947.8
2022-04-03,ANKR/USDT,0.09684,0.101,0.09394,0.0975,93996553.8,9164663.9955,0.008168751938786,4545.86,-0.05,48.0,1947.8
2022-04-04,ANKR/USDT,0.09761,0.09761,0.08744,0.09193,103172727.2,9484668.811496,-0.0571282051282051,4582.64,-0.01,52.0,1947.8
2022-04-05,ANKR/USDT,0.09191,0.097,0.08891,0.09108,131835026.0,12007534.168079998,-0.0092461655607527,4525.12,0.03,53.0,1947.8
2022-04-06,ANKR/USDT,0.09115,0.0935,0.07687,0.07738,163679662.6,12665532.291988,-0.1504172156346068,4481.15,0.11,48.0,1947.8
2022-03-24,DATA/USDT,0.07806,0.07893,0.07641,0.07803,26692824.0,2082841.05672,-0.0194796872997565,4520.16,0.21,40.0,1856.3
2022-03-25,DATA/USDT,0.07804,0.07922,0.07605,0.07651,23161393.6,1772078.224336,-0.0194796872997565,4543.06,0.18,47.0,1856.3
2022-03-26,DATA/USDT,0.0765,0.082,0.07606,0.07973,18996781.6,1514613.396968,0.0420860018298261,4543.06,0.18,51.0,1856.3
2022-03-27,DATA/USDT,0.07973,0.08272,0.07848,0.08266,33058865.6,2732645.830496,0.0367490279693967,4543.06,0.18,49.0,1856.3
2022-03-28,DATA/USDT,0.08248,0.08478,0.0813,0.0817,33360235.9,2725531.27303,-0.0116138398257924,4575.52,0.11,60.0,1856.3
2022-03-29,DATA/USDT,0.0817,0.08567,0.0807,0.08376,34084253.9,2854897.106664,0.0252141982864138,4631.6,0.06,56.0,1856.3
2022-03-30,DATA/USDT,0.08376,0.08429,0.08101,0.08327,28736261.2,2392868.470124,-0.0058500477554919,4602.45,0.04,55.0,1856.3
2022-03-31,DATA/USDT,0.08324,0.0868,0.08042,0.08087,30595211.9,2474234.786353,-0.028821904647532,4530.41,0.04,52.0,1947.8
2022-04-01,DATA/USDT,0.08091,0.08768,0.07985,0.08699,37398603.2,3253304.492368,0.0756770124891801,4545.86,-0.05,50.0,1947.8
2022-04-02,DATA/USDT,0.08699,0.08926,0.0852,0.08529,45141899.4,3850152.599826,-0.0195424761466834,4545.86,-0.05,52.0,1947.8
2022-04-03,DATA/USDT,0.08529,0.129,0.08391,0.10659,580461519.8,61871393.395482,0.2497361941610973,4545.86,-0.05,48.0,1947.8
2022-04-04,DATA/USDT,0.10649,0.1338,0.09111,0.09255,1005389485.8,93048796.91078998,-0.1317196735153392,4582.64,-0.01,52.0,1947.8
2022-04-05,DATA/USDT,0.09255,0.0979,0.08728,0.08766,128245342.7,11241986.741082,-0.0528363047001619,4525.12,0.03,53.0,1947.8
2022-04-06,DATA/USDT,0.08766,0.08854,0.07846,0.07859,47769291.7,3754188.634703,-0.1034679443303674,4481.15,0.11,48.0,1947.8
2022-03-24,MDT/USDT,0.05379,0.0596,0.051,0.05425,231662493.7,12567690.283225,-0.0016589861751151,4520.16,0.21,40.0,1856.3
2022-03-25,MDT/USDT,0.05424,0.058,0.05293,0.05416,124233449.5,6728483.62492,-0.0016589861751151,4543.06,0.18,47.0,1856.3
2022-03-26,MDT/USDT,0.05419,0.05693,0.05372,0.05543,57116439.5,3165964.241485,0.0234490398818316,4543.06,0.18,51.0,1856.3
2022-03-27,MDT/USDT,0.05538,0.05927,0.05534,0.05878,96199330.6,5654596.652667999,0.0604365866859102,4543.06,0.18,49.0,1856.3
2022-03-28,MDT/USDT,0.05864,0.06076,0.05652,0.05657,94038525.5,5319759.387535,-0.0375978223885674,4575.52,0.11,60.0,1856.3
2022-03-29,MDT/USDT,0.05664,0.06007,0.0563,0.05825,50974151.5,2969244.324875,0.0296977196393848,4631.6,0.06,56.0,1856.3
2022-03-30,MDT/USDT,0.05821,0.05912,0.05591,0.05726,40763392.2,2334111.8373720003,-0.0169957081545065,4602.45,0.04,55.0,1856.3
2022-03-31,MDT/USDT,0.05721,0.06947,0.05715,0.06196,305099071.6,18903938.476336,0.0820817324484806,4530.41,0.04,52.0,1947.8
2022-04-01,MDT/USDT,0.06201,0.06304,0.05236,0.0583,147197576.7,8581618.721609998,-0.0590703679793416,4545.86,-0.05,50.0,1947.8
2022-04-02,MDT/USDT,0.0583,0.0619,0.0581,0.05885,95938865.5,5646002.234675,0.009433962264151,4545.86,-0.05,52.0,1947.8
2022-04-03,MDT/USDT,0.05885,0.067,0.0576,0.06281,155118007.7,9742962.063637,0.0672897196261683,4545.86,-0.05,48.0,1947.8
2022-04-04,MDT/USDT,0.0628,0.06572,0.05921,0.06326,114899644.8,7268551.530048,0.0071644642572836,4582.64,-0.01,52.0,1947.8
2022-04-05,MDT/USDT,0.06325,0.06402,0.0605,0.06135,54341016.1,3333821.337735,-0.0301928548846031,4525.12,0.03,53.0,1947.8
2022-04-06,MDT/USDT,0.06138,0.06143,0.05431,0.05448,76410856.6,4162863.467568,-0.1119804400977995,4481.15,0.11,48.0,1947.8
2022-03-24,ALGO/USDT,0.8388,0.908,0.8212,0.8911,46497264.0,41433711.9504,-0.002693300415217,4520.16,0.21,40.0,1856.3
2022-03-25,ALGO/USDT,0.8908,0.9499,0.8822,0.8887,61414552.0,54579112.3624,-0.002693300415217,4543.06,0.18,47.0,1856.3
2022-03-26,ALGO/USDT,0.8887,0.92,0.8753,0.9116,24603765.0,22428792.174,0.025767975694835,4543.06,0.18,51.0,1856.3
2022-03-27,ALGO/USDT,0.9116,0.9498,0.895,0.9493,24198146.0,22971299.9978,0.0413558578323827,4543.06,0.18,49.0,1856.3
2022-03-28,ALGO/USDT,0.9492,0.9739,0.8922,0.9068,37338627.0,33858666.9636,-0.0447698304013483,4575.52,0.11,60.0,1856.3
2022-03-29,ALGO/USDT,0.9071,0.9638,0.8981,0.923,39064270.0,36056321.21,0.017865019850022,4631.6,0.06,56.0,1856.3
2022-03-30,ALGO/USDT,0.9228,0.9557,0.8814,0.9266,43231856.0,40058637.7696,0.0039003250270854,4602.45,0.04,55.0,1856.3
2022-03-31,ALGO/USDT,0.9268,0.9886,0.9096,0.9293,52408387.0,48703114.0391,0.0029138786963092,4530.41,0.04,52.0,1947.8
2022-04-01,ALGO/USDT,0.9293,0.9624,0.8887,0.9391,38982195.0,36608179.3245,0.0105455719358658,4545.86,-0.05,50.0,1947.8
2022-04-02,ALGO/USDT,0.9393,0.977,0.8965,0.9068,48615895.0,44084893.586,-0.0343946331594079,4545.86,-0.05,52.0,1947.8
2022-04-03,ALGO/USDT,0.9066,0.9478,0.888,0.9353,28740792.0,26881262.7576,0.0314292015880017,4545.86,-0.05,48.0,1947.8
2022-04-04,ALGO/USDT,0.9354,0.9368,0.85,0.8827,42136651.0,37194021.8377,-0.0562386400085533,4582.64,-0.01,52.0,1947.8
2022-04-05,ALGO/USDT,0.8824,0.9004,0.8307,0.8345,35442205.0,29576520.0725,-0.0546051886258072,4525.12,0.03,53.0,1947.8
2022-04-06,ALGO/USDT,0.8348,0.8373,0.765,0.7661,48875684.0,37443661.5124,-0.0819652486518873,4481.15,0.11,48.0,1947.8
2022-03-24,EUR/USDT,1.099,1.101,1.096,1.1,26524573.2,29177030.520000003,-0.0027272727272728,4520.16,0.21,40.0,1856.3
2022-03-25,EUR/USDT,1.099,1.103,1.096,1.097,24754290.8,27155457.0076,-0.0027272727272728,4543.06,0.18,47.0,1856.3
2022-03-26,EUR/USDT,1.096,1.097,1.096,1.096,13850138.0,15179751.248000002,-0.0009115770282588,4543.06,0.18,51.0,1856.3
2022-03-27,EUR/USDT,1.096,1.098,1.096,1.097,19157411.2,21015680.0864,0.0009124087591239,4543.06,0.18,49.0,1856.3
2022-03-28,EUR/USDT,1.097,1.099,1.093,1.098,38966191.4,42784878.1572,0.000911577028259,4575.52,0.11,60.0,1856.3
2022-03-29,EUR/USDT,1.099,1.113,1.096,1.107,40403910.9,44727129.3663,0.0081967213114753,4631.6,0.06,56.0,1856.3
2022-03-30,EUR/USDT,1.107,1.117,1.107,1.115,39809261.1,44387326.1265,0.0072267389340561,4602.45,0.04,55.0,1856.3
2022-03-31,EUR/USDT,1.116,1.118,1.104,1.105,46470770.9,51350201.8445,-0.0089686098654708,4530.41,0.04,52.0,1947.8
2022-04-01,EUR/USDT,1.105,1.107,1.101,1.102,39997051.7,44076750.9734,-0.0027149321266967,4545.86,-0.05,50.0,1947.8
2022-04-02,EUR/USDT,1.103,1.105,1.102,1.104,24856124.8,27441161.779200003,0.0018148820326677,4545.86,-0.05,52.0,1947.8
2022-04-03,EUR/USDT,1.104,1.104,1.1,1.104,23343935.7,25771705.0128,0.0,4545.86,-0.05,48.0,1947.8
2022-04-04,EUR/USDT,1.104,1.105,1.094,1.096,42216273.6,46269035.865600005,-0.0072463768115942,4582.64,-0.01,52.0,1947.8
2022-04-05,EUR/USDT,1.096,1.098,1.088,1.09,38780503.0,42270748.27,-0.0054744525547445,4525.12,0.03,53.0,1947.8
2022-04-06,EUR/USDT,1.09,1.093,1.086,1.088,45668337.6,49687151.3088,-0.0018348623853211,4481.15,0.11,48.0,1947.8
2022-03-24,IOTA/USDT,0.7819,0.8292,0.767,0.8052,17221894.0,13867069.0488,-0.0285643318430204,4520.16,0.21,40.0,1856.3
2022-03-25,IOTA/USDT,0.8047,0.8183,0.7704,0.7822,11614556.0,9084905.7032,-0.0285643318430204,4543.06,0.18,47.0,1856.3
2022-03-26,IOTA/USDT,0.7823,0.8326,0.7761,0.8312,9206155.0,7652156.036,0.0626438251086678,4543.06,0.18,51.0,1856.3
2022-03-27,IOTA/USDT,0.8313,0.88,0.817,0.875,20825104.0,18221966.0,0.0526948989412896,4543.06,0.18,49.0,1856.3
2022-03-28,IOTA/USDT,0.8754,0.906,0.8403,0.8484,17273260.0,14654633.784,-0.0303999999999999,4575.52,0.11,60.0,1856.3
2022-03-29,IOTA/USDT,0.8483,0.8978,0.8401,0.8635,13976247.0,12068489.2845,0.0177982083922678,4631.6,0.06,56.0,1856.3
2022-03-30,IOTA/USDT,0.8633,0.8988,0.8312,0.892,12190029.0,10873505.868,0.0330052113491603,4602.45,0.04,55.0,1856.3
2022-03-31,IOTA/USDT,0.8925,0.9488,0.8409,0.8523,27986549.0,23852935.7127,-0.0445067264573991,4530.41,0.04,52.0,1947.8
2022-04-01,IOTA/USDT,0.8526,0.8918,0.822,0.8913,14842591.0,13229201.3583,0.0457585357268568,4545.86,-0.05,50.0,1947.8
2022-04-02,IOTA/USDT,0.8915,0.929,0.8781,0.8912,13724439.0,12231220.0368,-0.0001121956692471,4545.86,-0.05,52.0,1947.8
2022-04-03,IOTA/USDT,0.8909,0.9128,0.8801,0.9011,8503687.0,7662672.3557,0.0111086175942549,4545.86,-0.05,48.0,1947.8
2022-04-04,IOTA/USDT,0.9012,0.9116,0.8273,0.8645,11300547.0,9769322.8815,-0.0406170236377759,4582.64,-0.01,52.0,1947.8
2022-04-05,IOTA/USDT,0.8645,0.8666,0.8176,0.8231,9839044.0,8098517.116400001,-0.047888953152111,4525.12,0.03,53.0,1947.8
2022-04-06,IOTA/USDT,0.8231,0.8233,0.732,0.736,16452986.0,12109397.696,-0.1058194630057102,4481.15,0.11,48.0,1947.8
2022-03-24,ARDR/USDT,0.2045,0.2124,0.2017,0.211,4027897.0,849886.267,-0.0023696682464454,4520.16,0.21,40.0,1856.3
2022-03-25,ARDR/USDT,0.211,0.2144,0.2058,0.2105,2218182.0,466927.311,-0.0023696682464454,4543.06,0.18,47.0,1856.3
2022-03-26,ARDR/USDT,0.2103,0.2216,0.2075,0.2201,2597920.0,571802.1919999999,0.0456057007125889,4543.06,0.18,51.0,1856.3
2022-03-27,ARDR/USDT,0.22,0.2549,0.2178,0.2374,15379429.0,3651076.4446,0.0786006360745117,4543.06,0.18,49.0,1856.3
2022-03-28,ARDR/USDT,0.2374,0.2549,0.2344,0.2362,6870957.0,1622920.0433999998,-0.0050547598989048,4575.52,0.11,60.0,1856.3
2022-03-29,ARDR/USDT,0.236,0.2441,0.2302,0.239,3056584.0,730523.576,0.0118543607112615,4631.6,0.06,56.0,1856.3
2022-03-30,ARDR/USDT,0.2382,0.2474,0.2262,0.2471,4340905.0,1072637.6254999998,0.0338912133891213,4602.45,0.04,55.0,1856.3
2022-03-31,ARDR/USDT,0.247,0.2545,0.2359,0.249,5430769.0,1352261.481,0.0076891946580333,4530.41,0.04,52.0,1947.8
2022-04-01,ARDR/USDT,0.2491,0.2584,0.2382,0.2581,4548361.0,1173931.9741,0.0365461847389558,4545.86,-0.05,50.0,1947.8
2022-04-02,ARDR/USDT,0.2581,0.2763,0.2507,0.2752,9271366.0,2551479.9232,0.0662533901588531,4545.86,-0.05,52.0,1947.8
2022-04-03,ARDR/USDT,0.2746,0.2746,0.2557,0.2624,5204889.0,1365762.8736,-0.0465116279069767,4545.86,-0.05,48.0,1947.8
2022-04-04,ARDR/USDT,0.2624,0.2899,0.2399,0.2486,12530759.0,3115146.6874,-0.0525914634146342,4582.64,-0.01,52.0,1947.8
2022-04-05,ARDR/USDT,0.2488,0.2585,0.2419,0.2443,4598328.0,1123371.5304,-0.0172968624296058,4525.12,0.03,53.0,1947.8
2022-04-06,ARDR/USDT,0.2446,0.2559,0.2138,0.2154,5070418.0,1092168.0372,-0.1182971756037657,4481.15,0.11,48.0,1947.8
2022-03-24,SNX/USDT,5.375,5.536,5.143,5.28,3036731.6,16033942.848,-0.0431818181818183,4520.16,0.21,40.0,1856.3
2022-03-25,SNX/USDT,5.278,5.43,4.966,5.052,2441774.2,12335843.2584,-0.0431818181818183,4543.06,0.18,47.0,1856.3
2022-03-26,SNX/USDT,5.053,5.27,5.009,5.116,1441985.8,7377199.352799999,0.0126682501979413,4543.06,0.18,51.0,1856.3
2022-03-27,SNX/USDT,5.117,5.433,5.105,5.414,2142852.2,11601401.8108,0.0582486317435495,4543.06,0.18,49.0,1856.3
2022-03-28,SNX/USDT,5.414,5.77,5.245,5.357,3236200.5,17336326.0785,-0.0105282600664942,4575.52,0.11,60.0,1856.3
2022-03-29,SNX/USDT,5.357,5.948,5.334,5.711,3182852.8,18177272.3408,0.0660817621803249,4631.6,0.06,56.0,1856.3
2022-03-30,SNX/USDT,5.71,6.719,5.665,6.636,5237299.0,34754716.164,0.1619681316757135,4602.45,0.04,55.0,1856.3
2022-03-31,SNX/USDT,6.636,7.261,6.546,6.81,6280987.8,42773526.918,0.0262206148282095,4530.41,0.04,52.0,1947.8
2022-04-01,SNX/USDT,6.815,8.19,6.62,7.713,7829947.2,60392382.7536,0.1325991189427313,4545.86,-0.05,50.0,1947.8
2022-04-02,SNX/USDT,7.713,7.798,7.071,7.198,3923642.6,28242379.434800003,-0.0667703876572021,4545.86,-0.05,52.0,1947.8
2022-04-03,SNX/USDT,7.202,7.467,7.024,7.313,2239830.7,16379881.9091,0.0159766601833841,4545.86,-0.05,48.0,1947.8
2022-04-04,SNX/USDT,7.314,7.415,6.66,6.957,2937920.4,20439112.2228,-0.0486804321072062,4582.64,-0.01,52.0,1947.8
2022-04-05,SNX/USDT,6.957,7.003,6.095,6.13,2608392.6,15989446.638,-0.1188730774759235,4525.12,0.03,53.0,1947.8
2022-04-06,SNX/USDT,6.13,6.147,5.361,5.384,3482929.3,18752091.3512,-0.1216965742251222,4481.15,0.11,48.0,1947.8
